Age,Annual_Income,Debt_Amount,Loan_Amount,Number_of_Loans,Payment_History,Credit_Risk
53,46644.4,13921.22,4554.64,0,Good,Good
38,80412.62,51981.97,14587.83,6,Good,Bad
35,76506.28,45456.61,5865.09,4,Poor,Bad
27,67391.33,3592.04,40683.5,8,Average,Bad
25,65574.98,41160.45,46385.15,6,Average,Bad
63,93877.54,5518.48,13917.85,1,Poor,Good
48,50594.91,20212.38,1687.27,0,Average,Good
65,88478.77,32804.57,22161.64,4,Average,Good
59,41071.6,19994.18,6998.08,3,Good,Good
43,32164.72,11497.08,23916.77,5,Average,Bad
38,67621.13,18166.82,12311.99,1,Poor,Good
62,63377.29,43599.83,2148.96,0,Poor,Good
51,47898.32,23882.64,40705.17,8,Good,Good
45,34816.83,23566.85,39950.53,6,Good,Bad
23,41539.06,26784.56,36659.39,8,Good,Bad
21,41595.0,21374.58,49355.05,8,Good,Bad
63,61092.73,8726.22,1924.37,0,Average,Good
21,68625.92,18748.3,1811.45,0,Good,Good
52,46433.1,17604.08,1570.28,0,Good,Good
54,62025.78,43411.97,8607.53,4,Good,Good
28,63863.97,17609.66,3322.4,0,Good,Good
56,69921.76,26561.94,62581.06,8,Good,Bad
25,37682.67,22893.98,34607.39,6,Good,Bad
31,59037.99,39783.31,9936.32,1,Poor,Bad
53,93248.19,20034.39,6915.14,5,Good,Good
22,63696.62,35129.98,9085.01,7,Good,Good
49,38597.57,24380.73,41135.79,6,Average,Bad
61,70777.99,44921.61,29469.97,4,Average,Bad
42,56793.25,33684.14,37885.27,5,Average,Bad
29,73524.89,8801.7,32801.32,8,Average,Bad
33,38631.92,10411.98,14746.86,5,Average,Good
55,49992.03,31665.72,1687.04,0,Poor,Bad
47,78288.69,33095.03,4348.82,3,Good,Good
22,54104.7,9314.23,19508.27,4,Poor,Bad
64,77175.77,26738.68,59471.21,8,Average,Bad
49,44825.66,4028.64,6735.22,0,Good,Good
21,81933.32,27932.75,52522.94,7,Good,Bad
56,73332.57,12120.29,36687.5,5,Good,Good
30,45736.7,18841.01,40215.69,6,Good,Bad
39,31218.54,9567.18,9845.17,1,,Good
50,41380.98,10396.58,13751.59,7,Average,Good
43,82353.15,56729.71,22090.73,3,Good,Good
37,72845.27,17841.14,6862.58,1,Poor,Good
26,30370.63,16907.61,1088.85,0,Average,Good
34,60159.24,4020.59,55655.88,7,Poor,Bad
40,39040.81,2356.04,29649.48,4,Poor,Bad
35,46787.31,29132.24,11789.85,1,Good,Good
32,72001.88,37521.01,50991.34,7,Average,Bad
65,31281.78,1879.22,6565.02,0,Poor,Good
44,76216.27,45088.5,42414.81,7,Good,Bad
53,76538.46,44852.08,18650.46,4,Good,Good
38,80472.81,27232.48,10901.2,3,Average,Good
45,38739.76,5113.63,10129.6,1,Good,Good
33,75061.03,12361.49,17959.63,3,Average,Good
38,95916.35,61065.37,9401.8,1,Poor,Good
60,65065.69,33084.71,7138.32,5,Good,Good
34,60084.98,23380.67,17411.95,2,Good,Good
31,51665.52,24178.93,4124.06,2,Average,Bad
59,33091.33,18633.61,12720.96,3,Average,Good
48,42217.53,10112.46,13569.22,2,Average,Good
46,101940.95,46853.47,7525.46,3,Good,Good
27,34868.78,6150.9,23019.44,6,Average,Good
34,25731.88,12500.3,23158.55,3,Average,Bad
32,73962.43,20696.45,10248.47,1,Average,Good
27,84871.66,32320.16,34258.4,5,Good,Bad
63,44246.21,27098.21,27259.56,8,Good,Bad
40,43418.95,23750.96,22179.1,3,Good,Good
59,52390.8,21034.51,2748.31,0,Average,Good
28,40199.06,18387.08,5379.96,0,Average,Good
43,,13443.31,5432.81,0,Good,Good
22,34399.71,6950.46,5945.08,0,Average,Good
58,39111.48,9251.49,34711.53,5,Poor,Bad
61,74253.38,35583.58,47959.94,7,Average,Good
34,43032.64,21820.99,7752.99,1,Good,Good
35,37594.65,11868.01,3997.29,0,Good,Good
41,15000.0,5889.69,35528.37,6,Good,Bad
50,42667.9,21008.33,13641.32,6,Good,Good
59,16288.31,9567.47,32306.09,6,Average,Bad
32,16284.69,1070.46,9977.6,1,Average,Good
62,70649.87,48586.87,10249.97,2,Good,Good
33,54849.69,15087.66,4727.04,3,Poor,Good
43,18392.18,1527.56,13739.84,2,Good,Good
25,52319.07,17921.05,18613.1,8,Good,Good
38,36187.1,12896.66,48654.71,6,Poor,Bad
39,40615.13,14546.97,31932.67,8,Average,Bad
56,74577.87,39326.96,7848.47,2,Poor,Bad
23,55508.53,5055.29,5419.91,0,Poor,Good
56,70692.01,31354.66,28329.95,7,Average,Good
23,56621.26,26751.78,42620.38,7,Average,Bad
21,45065.78,29620.63,14757.36,7,Poor,Bad
25,29438.83,14336.23,20595.58,7,Average,Bad
25,33015.43,14524.34,20404.94,4,Average,Bad
54,43072.1,24708.11,6016.48,0,Good,Good
23,69778.31,48676.86,11640.87,7,Poor,Bad
62,48280.41,5061.77,8132.04,5,Good,Good
43,71179.71,5853.52,44651.86,6,Good,Good
56,84101.21,16677.93,40826.88,7,Good,Good
29,39651.58,10646.61,42804.47,7,Good,Bad
58,42715.27,22157.68,45135.07,7,Average,Bad
46,48644.39,32019.54,20189.85,6,Good,Good
26,57979.44,10922.24,36423.91,8,Good,Good
35,49123.06,23525.79,41154.07,5,Average,Bad
36,52917.52,13403.04,21738.73,6,Average,Bad
40,57904.77,22472.13,6276.38,0,Average,Bad
40,58220.36,15106.39,40913.95,7,Good,Good
59,74114.16,40522.92,3923.85,1,Good,Good
32,50267.16,19510.02,25659.35,4,Average,Bad
23,77614.07,35770.62,12582.84,1,Poor,Bad
44,71326.78,8414.13,5951.93,0,Good,Good
49,57328.76,22099.53,8135.12,5,Good,Good
57,71222.87,28960.09,33650.47,6,Average,Good
33,62792.01,43225.26,9424.87,2,Average,Good
24,55834.45,12337.56,7916.35,1,Average,Good
29,67204.89,15857.56,19056.46,7,Average,Good
51,62099.37,3650.59,21334.08,8,Good,Good
44,50227.86,2724.44,26599.24,3,Average,Good
27,63324.73,3757.84,36202.96,5,Average,Good
30,51638.13,14288.0,10157.73,1,Good,Good
30,54027.86,32569.75,34425.69,6,Poor,Bad
33,82121.56,55436.02,34267.61,6,Poor,Bad
23,42957.89,6909.77,12735.41,8,Poor,Good
32,72880.99,27927.51,14199.89,3,Average,Good
28,43747.73,17792.5,14510.03,4,Good,Good
28,86366.79,11333.2,16221.34,3,Average,Good
33,54736.54,5297.81,16616.01,7,Average,Good
31,77137.0,32618.01,22871.03,3,Average,Good
50,66486.17,37994.32,35228.03,5,Good,Good
41,75724.04,17213.29,41898.13,5,Poor,Good
50,45034.64,28342.73,8995.57,2,Average,Good
59,34591.91,8614.33,34242.2,5,Good,Good
45,26797.18,7033.74,20476.72,5,Average,Good
56,67521.53,5004.94,38324.33,5,Poor,Good
23,85426.6,12006.41,15404.82,5,Good,Good
51,41715.52,24612.11,5711.75,3,Good,Good
51,39552.6,5618.49,15888.68,8,Good,Good
54,68552.79,39331.17,17239.01,8,Poor,Bad
62,63947.99,11547.1,24320.79,4,Good,Good
57,56212.18,24857.74,4211.52,0,Good,Good
52,58978.05,10170.78,25753.4,3,Good,Good
47,67698.16,25372.87,10848.67,3,Poor,Bad
25,72157.66,50485.4,17975.79,6,Average,Bad
47,51427.8,19202.4,22125.97,5,Average,Good
53,62424.26,43686.9,46125.73,6,Average,Bad
50,100343.6,63812.55,22475.24,5,Average,Bad
36,66598.18,35055.31,13122.81,2,Poor,Bad
42,52651.98,13586.15,50969.03,8,Poor,Bad
57,87522.86,47385.12,9674.7,5,Good,Good
37,29002.11,11124.06,12608.33,7,Good,Good
38,68641.19,41375.48,19086.16,8,Poor,Bad
37,22852.81,4212.19,56740.07,8,Good,Bad
31,37280.91,2374.33,4622.05,2,Good,Good
57,55973.37,9732.34,12818.07,1,Good,Good
49,124917.56,14860.15,22037.21,7,Average,Good
26,15000.0,5197.55,7062.5,2,Average,Good
30,64904.26,37238.6,3223.66,2,Good,Good
60,89170.93,60048.13,38996.44,7,Good,Good
62,84980.69,33202.0,55116.88,8,Good,Good
22,60957.12,34558.85,10782.41,2,Good,Bad
48,25566.17,4192.01,13547.64,1,Poor,Bad
56,61362.1,36876.55,23867.89,3,Good,Good
49,58769.35,17566.71,11288.13,7,Poor,Bad
29,50701.35,31469.62,16780.9,7,Good,Good
64,105670.32,23982.55,26882.78,4,Poor,Bad
40,61249.83,13713.38,45247.01,6,Average,Good
50,33527.42,14345.0,23654.96,8,Average,Bad
54,72900.17,17525.3,2551.9,0,Poor,Good
62,24345.29,5296.46,15587.44,3,Good,Good
30,78195.82,36371.79,21730.97,6,Average,Bad
51,59384.63,26503.24,26728.97,3,Good,Good
27,57885.0,37141.38,24268.26,6,Good,Bad
37,54188.56,3782.23,18429.47,2,Good,Good
24,17408.79,11423.92,2030.21,0,Average,Good
63,74551.36,4377.37,7792.2,2,Average,Good
52,69602.27,40293.57,2404.03,0,Average,Good
43,43781.3,29763.8,9660.1,1,Good,Good
38,52718.82,30787.69,18871.01,2,Average,Bad
34,75041.7,14840.2,4575.66,1,Poor,Good
52,59837.33,17231.57,13543.25,5,Good,Good
48,41918.4,16237.68,27413.98,5,Average,Good
46,54019.33,33649.54,14954.75,2,Average,Good
49,51854.05,12008.07,6321.95,1,Good,Good
48,36857.47,2501.0,2832.6,0,Good,Good
42,83704.94,22072.5,22664.33,3,Average,Good
51,37665.54,8751.33,23639.57,3,Average,Good
54,80499.78,18871.93,29354.39,4,Average,Good
45,54732.31,10223.93,5389.98,1,Poor,Good
32,49734.9,21224.92,1447.97,0,Poor,Good
55,15000.0,6817.45,24232.89,3,Average,Bad
58,72294.89,41522.27,27598.75,6,Good,Good
44,32521.97,20288.34,18088.44,7,Average,Bad
42,50597.53,24215.08,8433.13,3,Average,Good
31,69025.11,9739.96,6756.27,1,Good,Good
22,15000.0,7948.92,3312.8,1,Poor,Bad
50,68294.28,45319.9,22054.1,5,Good,Good
46,55722.2,36291.42,14660.8,2,Poor,Bad
52,68200.21,33215.9,6337.58,1,Poor,Good
37,61300.81,34816.41,16928.41,2,Poor,Bad
50,37059.07,3845.99,43758.81,6,Good,Good
34,62797.74,21281.31,28905.45,4,Good,Good
22,59398.34,13917.4,5356.93,4,Poor,Bad
47,68047.77,33281.89,11791.87,3,Good,Good
57,61106.4,6815.97,14451.94,2,Average,Good
48,22314.09,14683.25,59362.62,8,Poor,Bad
64,23374.85,4310.75,4379.54,0,Poor,Good
63,77754.12,15719.3,5461.0,2,Good,Good
60,82932.57,35958.14,23750.8,4,Average,Good
52,61996.25,10183.47,14167.89,5,Average,Good
38,66452.16,28013.44,8317.19,6,Poor,Bad
57,18193.42,4823.89,10542.11,5,Poor,Bad
40,86120.01,42452.78,4153.34,1,Poor,Bad
53,24243.05,3566.97,23231.22,5,Good,Good
55,,14594.31,13423.09,5,Good,Good
64,60325.67,37781.97,11180.71,4,Poor,Bad
21,31753.86,9369.14,3330.69,2,Average,Good
39,34441.94,9366.66,4624.78,0,Poor,Good
46,49417.83,27509.12,48414.83,6,Average,Bad
56,45232.17,22285.1,39382.61,8,Average,Bad
26,84624.77,49214.59,4881.02,1,Good,Good
41,70356.28,42714.21,28814.7,6,Average,Bad
35,36236.45,21623.01,45933.52,6,Average,Bad
49,46453.51,4857.91,39622.25,5,Average,Good
37,50604.99,8948.01,17268.19,2,Good,Good
44,62461.18,28746.26,34030.2,6,Good,Good
47,68757.27,31051.7,14078.53,3,Good,Good
30,,10751.25,2622.68,0,Average,Good
56,87736.51,24267.18,18208.71,5,Good,Good
46,103688.17,10247.49,13260.34,1,Average,Good
33,48548.7,22711.31,11006.5,2,Good,Good
26,25936.7,4827.38,10324.17,3,Good,Good
49,37244.84,11912.81,10211.94,1,Average,Good
22,56746.3,38720.76,1634.8,0,Good,Good
36,40934.57,25834.0,6585.39,0,Poor,Bad
34,46710.84,19682.38,12133.22,5,Good,Good
52,71058.48,38916.88,26575.34,4,Good,Good
23,64891.91,25875.11,25388.8,8,Good,Good
46,58127.56,27448.0,48441.27,6,Good,Good
28,66733.56,4828.98,14025.16,7,Poor,Good
37,59361.51,28169.34,9754.44,2,Average,Good
65,72684.85,34891.21,54553.7,8,Poor,Bad
63,24649.26,5508.73,23153.62,5,Average,Good
25,43747.99,30062.3,18255.51,8,Good,Bad
46,70184.22,24613.37,13821.41,3,Average,Good
58,37799.73,21903.71,11407.04,1,Good,Good
41,85336.26,44993.38,23708.83,4,Average,Bad
26,51417.0,8455.72,22576.93,4,Good,Good
23,69059.08,10970.44,5163.07,0,Good,Good
45,85890.52,42443.84,3361.55,1,Average,Good
34,62347.77,4542.16,46589.31,6,Average,Good
43,54153.29,8326.68,42746.88,8,Average,Good
53,52214.16,28009.48,5313.03,1,Good,Good
21,60247.25,27370.69,8270.87,1,Average,Bad
42,54456.83,29736.02,10457.25,3,Average,Good
53,83586.49,54797.51,48506.63,8,Good,Bad
27,43554.06,9743.83,5280.83,2,Average,Good
40,65392.29,39209.76,4970.74,0,Average,Good
43,27956.71,9569.3,16595.81,6,Good,Good
25,27843.55,2555.04,17767.68,3,Poor,Bad
65,49780.9,23989.06,18830.53,6,Good,Good
53,59786.17,12453.07,25554.97,3,Good,Good
31,35537.69,12290.03,46548.59,6,Average,Bad
35,48020.31,7821.86,26494.88,8,Good,Good
32,38900.19,21004.13,15187.91,2,Good,Good
46,57715.08,3298.92,11676.83,1,Good,Good
45,58473.53,16937.26,41105.68,7,Average,Bad
36,73978.8,28442.27,12132.83,1,Poor,Bad
38,58743.28,,26231.33,5,Poor,Bad
36,15000.0,9919.85,33087.21,4,Good,Bad
21,61923.55,12655.06,9995.81,5,Average,Good
53,15000.0,4043.72,29740.44,4,Poor,Bad
48,49248.18,3571.62,7758.53,6,Poor,Good
24,42112.26,17781.64,10447.3,1,Good,Good
48,31896.4,3288.26,10493.41,1,Good,Good
43,61034.45,11807.38,6120.59,4,Good,Good
62,82362.6,49120.42,14787.59,3,Good,Good
48,99794.86,44963.22,27649.93,5,Good,Good
58,42687.43,16595.29,27116.76,6,Poor,Bad
25,59983.97,27608.96,7324.73,2,Average,Good
34,96547.6,25271.98,28167.77,4,Good,Good
40,47689.25,12930.49,33975.16,4,Average,Bad
22,52755.05,12668.32,12056.31,5,Poor,Bad
57,37752.95,18945.48,37945.81,6,Average,Bad
52,30167.68,15520.23,5404.65,0,Average,Good
37,57213.65,10746.39,47035.06,8,Average,Good
58,77879.76,47334.56,44829.11,8,Average,Bad
25,92023.32,15045.55,4090.51,0,Good,Good
52,66540.52,9595.55,14324.9,4,Good,Good
31,41554.43,21503.58,30512.64,6,Good,Bad
22,37873.87,6434.12,25431.15,3,Good,Good
43,29079.53,1509.01,14003.75,7,Good,Good
22,85614.65,8554.38,23462.65,6,Poor,Good
62,36901.71,23293.04,5510.49,1,Poor,Bad
41,15000.0,1743.44,28296.72,4,Average,Bad
28,53672.19,9792.01,11640.45,3,Average,Good
26,70462.14,31861.96,13060.91,8,Good,Bad
57,44960.57,7287.67,10659.78,1,Good,Good
29,19701.59,1903.68,41041.69,6,Good,Bad
27,62350.45,5648.25,26687.92,4,Good,Good
25,77290.33,25272.36,46975.11,7,Average,Good
49,83879.93,27436.58,47430.83,8,Good,Good
28,79650.5,20085.77,13125.22,2,Good,Good
29,56168.03,13744.97,27485.49,4,Average,Good
21,87432.0,31780.6,8284.36,7,Good,Good
44,30484.64,17781.84,4845.12,0,Poor,Bad
59,46771.58,24529.37,15995.59,2,Average,Bad
26,53176.52,3917.86,16868.67,2,Average,Good
60,44193.56,13683.7,22371.32,8,Average,Bad
43,69745.05,8481.83,44889.13,6,Poor,Bad
34,41785.16,8587.61,28835.86,5,Good,Good
25,53907.75,5345.48,30423.09,5,Average,Good
40,64399.97,36245.23,12499.27,1,Average,Good
59,51614.98,15648.91,12170.59,3,Good,Good
54,36168.21,4799.38,3896.37,0,Good,Good
30,94104.6,24070.9,23007.59,4,Poor,Good
62,81762.3,9314.7,7428.49,4,Poor,Good
32,33159.08,4099.3,20027.92,7,Poor,Bad
52,84230.52,48731.36,1016.21,0,Poor,Good
41,78428.53,39005.83,19694.84,4,Average,Good
52,26453.33,4519.73,6849.26,4,Good,Good
39,58325.31,26550.71,9940.32,1,Good,Good
55,46320.68,14552.29,9777.76,1,Poor,Good
36,49502.02,28530.53,7771.76,1,Good,Good
26,63910.78,26244.12,19035.66,3,Good,Good
65,51189.43,11100.04,22374.52,3,Average,Good
33,59041.09,26729.04,43953.79,6,Average,Bad
60,54262.41,29895.86,47489.68,8,Average,Bad
34,67447.94,33208.97,11894.19,4,Average,Bad
49,38147.6,3078.37,16076.5,7,Good,Good
50,58108.55,21293.2,17463.17,4,Good,Good
53,69190.67,7805.84,37478.92,5,Good,Good
52,80652.97,41124.79,17806.71,3,Average,Good
43,28445.68,,5033.2,0,Poor,Bad
49,36931.47,17959.55,6833.31,3,Poor,Bad
64,62764.85,7430.9,1981.74,0,Good,Good
59,37675.46,16840.01,10264.69,3,Good,Good
50,61270.76,27913.35,38380.83,7,Good,Good
34,84878.76,34997.98,7656.27,2,Good,Good
58,64391.18,17541.52,6579.15,0,Good,Good
65,72186.2,27234.68,37066.96,5,Average,Good
32,22798.57,13171.67,31167.82,5,Good,Bad
54,61897.94,9804.43,18748.5,4,Good,Good
27,65558.05,40286.04,15880.13,2,Good,Good
37,67353.41,36488.74,31512.51,5,Poor,Bad
53,55564.05,3797.73,11227.76,1,Average,Good
53,47460.1,14054.75,9008.67,2,Average,Good
23,40812.43,13863.97,11311.87,5,Good,Good
56,73334.9,22166.51,5313.42,1,Poor,Good
27,73970.16,49895.77,37323.56,7,,Bad
32,80948.43,11805.86,18795.49,7,Good,Good
26,77640.7,37029.17,38318.03,8,Average,Bad
49,53012.39,28750.01,21637.91,4,Average,Bad
22,77817.11,52477.49,10343.29,1,Good,Good
49,33516.93,10859.83,17312.78,3,Good,Good
28,49304.66,33689.79,14691.58,2,Good,Good
53,76694.52,5507.04,28267.53,6,Good,Good
55,60834.61,3539.09,24317.47,3,Poor,Good
47,40626.36,14144.41,17144.13,5,Good,Good
39,34236.62,19540.78,15025.44,8,Good,Good
65,57262.68,24702.33,24601.69,6,Poor,Bad
61,58148.96,32288.15,6754.83,1,Average,Good
55,79081.36,38103.03,12221.41,2,Good,Good
55,66677.73,38799.46,49404.62,8,Average,Bad
62,69981.8,33184.76,9083.76,1,Average,Good
65,92934.76,44104.2,7749.02,6,Good,Good
29,50352.02,2638.78,15162.5,4,Average,Good
46,70465.09,,12127.44,3,Average,Good
32,67373.28,40531.38,42288.89,8,Average,Bad
61,65989.5,43384.87,21604.69,5,Poor,Bad
51,58354.52,12896.47,17016.04,5,Good,Good
32,46317.8,11029.83,20192.61,6,Poor,Bad
59,40853.89,19917.19,10680.95,5,Poor,Bad
42,37720.82,4734.62,48038.02,7,Average,Bad
29,64409.47,23833.59,10130.33,8,Poor,Bad
24,32710.48,12888.71,19409.5,2,Average,Good
28,61234.04,9387.25,3287.61,1,Average,Good
61,76831.03,42072.92,10229.21,3,Good,Good
35,81976.59,,22442.17,8,Average,Bad
43,19610.83,1686.09,34865.67,8,,Bad
54,59136.88,16191.69,45769.53,8,Average,Good
55,81687.01,21325.09,9007.59,6,Average,Good
21,46549.75,5727.99,25781.62,5,Poor,Bad
53,19114.86,10250.7,24838.53,5,Good,Bad
57,66031.19,14801.74,9820.52,5,,Good
32,75241.36,47228.18,6885.92,0,Good,Good
62,41612.28,4167.21,6004.81,0,Good,Good
33,63393.31,30606.77,10755.08,4,Good,Good
37,41490.77,10609.0,53397.66,7,Average,Bad
31,65343.94,17675.81,4826.22,0,Good,Good
45,37893.39,26417.47,12300.19,6,Average,Good
52,71201.61,23115.65,13312.25,8,Average,Good
44,58443.68,18208.47,16917.26,4,Average,Good
44,93294.25,46009.05,52784.72,8,Average,Bad
46,45395.95,17252.23,22146.31,7,Average,Good
48,78754.38,10074.83,35987.35,5,Average,Good
61,83951.74,46994.66,43970.42,6,Good,Good
29,98761.14,33545.72,11635.92,3,Good,Good
65,46985.29,6011.73,60166.83,8,Poor,Bad
52,54235.78,3359.78,5322.66,2,Average,Good
32,57217.79,35340.69,28522.47,6,Good,Good
24,52942.46,19397.49,9664.71,1,Average,Good
29,89112.86,26882.6,30485.81,6,Average,Good
50,49129.22,13197.32,25788.94,3,Good,Good
64,68429.61,19833.77,28528.47,6,Average,Good
52,61260.99,30455.38,31897.15,4,Poor,Bad
32,28839.03,18372.59,25919.19,3,Good,Good
26,83234.19,45411.65,24096.24,7,Good,Good
50,57765.97,34851.35,21956.97,3,Average,Good
27,46349.35,8858.15,1506.33,0,Average,Good
25,49257.87,,40897.0,5,Average,Bad
38,59188.94,22413.47,9644.8,6,Poor,Bad
64,88228.82,52183.29,13471.91,4,Good,Good
38,50181.78,28608.59,42875.12,8,Poor,Bad
58,50649.19,5816.87,18528.25,3,Average,Good
62,76559.08,32861.23,12961.34,1,Average,Good
26,46145.5,29757.32,27188.24,4,Average,Bad
42,48336.57,22329.95,21687.91,3,Poor,Bad
47,43112.67,21989.17,2107.91,0,Good,Good
56,51336.17,25634.52,40752.68,6,Poor,Bad
38,60101.07,14648.17,30745.41,5,Poor,Bad
64,48648.54,25466.28,30807.6,4,Poor,Bad
51,45411.76,8563.87,22339.27,5,Good,Good
28,69624.93,9945.91,19077.25,6,Average,Good
22,46296.87,12596.84,16397.04,8,Poor,Bad
64,15000.0,9218.39,10919.1,3,Poor,Bad
57,57464.61,18287.59,10991.69,6,Good,Good
21,44908.95,28614.56,21412.44,5,Poor,Bad
59,40973.26,20425.86,42790.21,6,Poor,Bad
57,97578.93,50930.33,13521.46,3,Good,Good
54,69745.83,41493.84,32326.37,4,Average,Bad
57,77223.99,20978.91,51941.7,8,Poor,Bad
64,57818.78,19665.93,8065.07,7,Average,Good
28,95516.14,21644.9,23967.76,3,Poor,Good
38,15000.0,9739.38,14315.74,6,Poor,Bad
50,76796.71,26623.02,4334.23,0,Good,Good
64,52271.05,22665.3,33325.01,5,Poor,Bad
50,81635.14,15997.52,8453.27,1,Good,Good
52,65234.75,34878.31,55976.2,8,Average,Bad
65,57255.76,28994.43,46706.72,8,Poor,Bad
37,36213.47,11331.89,60395.34,8,Good,Bad
22,59298.8,21999.97,3703.2,1,Good,Good
42,71261.47,14848.4,12755.02,4,Average,Good
58,51069.56,25632.73,5403.37,0,Poor,Good
30,68329.01,24906.09,43557.64,8,Good,Bad
46,84553.64,34682.38,46238.83,8,Good,Good
64,54600.49,23602.81,8357.58,6,Good,Good
64,58698.02,17740.77,25571.57,3,Average,Good
23,15000.0,2746.01,35005.37,5,Average,Bad
44,66562.34,44958.76,9802.51,7,Average,Good
38,62092.35,35705.0,16871.57,2,Average,Good
23,73846.24,37189.84,6231.91,0,Poor,Good
56,59715.24,40368.17,31744.57,6,Average,Bad
63,62954.04,38984.02,13986.79,1,Poor,Bad
43,81339.18,46761.78,37773.86,7,Average,Bad
46,44529.11,7723.85,19295.15,6,Good,Good
57,35079.3,22948.13,26588.2,8,Poor,Bad
46,38253.62,12343.03,6442.11,3,Average,Good
52,72411.52,24338.76,49454.52,8,Good,Good
26,50725.76,16678.49,1672.59,0,Average,Good
35,68369.36,19679.06,16554.88,4,Average,Good
29,25863.24,7854.33,8558.14,2,Poor,Good
56,,31272.0,55396.21,8,Good,Good
52,84654.3,30832.07,32139.7,6,Average,Good
52,20650.09,11410.39,4890.54,1,Good,Good
26,27056.84,9067.97,16775.79,4,Poor,Bad
61,43806.75,21428.89,4855.19,0,Poor,Good
45,64933.29,35475.78,13336.01,4,Poor,Bad
29,66076.67,8697.56,38115.03,7,Poor,Bad
28,70476.65,14260.28,14269.95,3,Average,Good
55,63973.8,27496.44,25761.5,8,Good,Good
62,61792.04,10215.22,16447.33,3,Good,Good
36,61639.43,15206.76,23580.45,4,Average,Good
40,52666.86,32072.09,12288.26,3,Poor,Bad
57,15000.0,4475.03,18616.69,3,Poor,Bad
37,97113.54,63735.75,7004.64,1,Good,Good
59,16120.25,10664.67,51913.17,7,Good,Bad
61,37813.19,22769.42,37222.3,7,Good,Bad
25,71259.14,4026.62,20683.03,2,Average,Good
46,55777.31,32708.46,6278.86,0,Good,Good
47,38226.21,5590.16,9734.92,4,Good,Good
34,61587.46,14403.82,43922.63,6,Average,Bad
41,,17707.28,7396.21,2,Poor,Good
56,60277.03,35510.93,5692.69,1,Good,Good
42,61288.98,27110.0,4503.34,0,Good,Good
39,68965.0,7718.0,8433.14,4,Good,Good
53,58333.06,25961.48,4835.15,2,Good,Good
21,31927.52,11144.04,38405.22,6,Average,Bad
44,47093.89,31985.25,53427.77,8,Good,Bad
62,42376.2,13304.92,19210.01,7,Average,Good
45,62739.31,19435.24,18771.78,3,Average,Good
39,51575.02,6534.76,8613.7,1,Average,Good
33,65640.6,45920.1,32560.28,8,Average,Bad
46,38312.72,3866.24,44845.11,8,Average,Bad
22,51153.52,14527.35,27419.09,8,Average,Bad
65,53538.62,4225.85,26191.43,6,Good,Good
44,34856.33,13015.15,11935.18,2,,Good
35,15000.0,3884.95,28594.49,4,Average,Bad
52,43597.08,12285.47,17118.5,5,Poor,Bad
54,55973.5,10179.76,23983.75,5,Average,Good
23,43509.06,3280.63,30508.02,4,Poor,Bad
33,95396.76,60764.69,2919.28,0,Poor,Bad
41,53501.78,12012.66,5461.24,2,Poor,Good
40,73983.47,10534.62,7207.44,4,Average,Good
59,30353.58,14495.74,47576.19,6,Average,Bad
60,36909.71,22225.25,17124.45,4,Poor,Bad
54,47899.03,7444.03,47466.14,7,Average,Bad
65,75242.73,20489.7,2128.3,1,Average,Good
45,79772.64,47984.31,6059.82,0,Average,Good
45,70153.26,40801.34,14522.56,3,Good,Good
21,64230.25,4950.14,38478.74,8,Poor,Bad
29,71750.16,21425.67,31446.68,8,Poor,Bad
50,19909.16,11811.29,31314.49,6,Good,Bad
25,54263.73,25143.68,25044.22,3,Good,Good
65,46418.96,26710.98,6295.14,5,Good,Good
47,15121.38,9922.52,3593.28,0,Good,Good
48,49183.88,22826.53,5894.65,1,Average,Good
51,62194.74,13201.21,11467.46,6,Good,Good
57,59524.58,30495.8,4481.13,1,Average,Good
65,33377.26,21672.91,52243.71,8,Good,Bad
32,48503.35,4950.16,26881.39,5,Good,Good
65,82808.55,22424.57,16446.33,8,Poor,Good
44,64300.91,12118.98,55570.71,7,Good,Good
38,50918.13,33982.2,22824.86,5,Poor,Bad
25,70162.12,8201.13,5699.9,0,Average,Good
51,54035.88,25225.18,4638.46,3,Good,Good
27,15000.0,4931.62,27889.79,4,Average,Bad
22,61241.39,26442.57,33982.64,5,Good,Bad
24,73717.63,24674.34,40586.21,5,Average,Bad
52,76174.88,9895.06,9250.47,1,Poor,Good
30,37004.24,22874.95,3712.53,0,Poor,Bad
56,80291.57,8786.07,10033.55,2,Good,Good
49,62449.91,39994.53,13431.66,6,Average,Bad
50,73747.82,18777.91,10435.83,4,Average,Good
35,81982.53,18608.86,11322.4,2,Poor,Good
65,80044.26,48844.79,4219.11,1,Good,Good
36,51183.65,17259.22,24684.79,7,Good,Good
23,73620.19,4008.36,18342.68,4,Average,Good
40,25985.76,4817.25,24515.62,7,Average,Bad
34,31853.6,18686.67,13040.35,4,Average,Good
48,33418.49,13711.45,4728.14,3,Poor,Good
55,99725.67,48986.48,8158.59,1,Poor,Good
23,99374.79,48742.64,6297.74,1,Poor,Bad
39,47461.72,6730.47,38824.87,6,Good,Good
65,15000.0,9404.18,1334.04,0,Average,Good
37,69189.24,7977.34,1569.72,0,Average,Good
45,55877.47,19701.2,7673.02,3,Good,Good
63,39588.64,17594.67,11429.03,1,Good,Good
54,82702.98,20606.21,18561.31,4,Good,Good
54,69451.77,10410.45,5214.51,0,Average,Good
61,43239.23,25826.33,21438.2,5,Poor,Bad
21,61338.85,30621.51,15340.86,2,Average,Bad
27,58221.03,40153.72,11519.58,1,Good,Good
37,44832.21,21347.27,14784.87,6,Poor,Bad
21,26204.52,10072.86,11968.02,7,Average,Good
38,78244.02,20311.55,53960.89,8,Average,Good
45,87408.59,49332.18,19627.38,2,Good,Good
44,61503.54,6424.91,23995.09,6,Good,Good
62,42849.47,11144.13,3148.78,2,Good,Good
55,68620.12,31750.83,5881.69,0,Good,Good
45,42615.27,15280.5,35336.82,8,Good,Bad
59,64206.6,20069.99,19416.81,6,Average,Good
29,73675.68,20869.72,5515.85,3,Poor,Good
61,76865.42,39564.12,30156.48,4,Average,Good
30,72283.08,45135.49,7418.74,5,Average,Bad
51,59470.22,5695.08,22275.01,3,Good,Good
36,45916.63,14454.49,14366.91,7,Good,Good
39,22643.32,7353.57,4068.89,0,Good,Good
59,55885.19,12854.74,13666.93,8,Poor,Good
63,25261.28,2186.63,4180.69,0,Good,Good
43,70656.74,37759.45,4200.78,3,Average,Good
26,27350.8,16717.62,12370.27,2,Poor,Bad
65,98990.53,22209.79,3176.69,1,Average,Good
39,68668.37,17511.85,31353.33,5,Good,Good
35,61324.0,34226.39,30139.46,5,Average,Bad
34,66536.76,24622.67,22336.88,3,Good,Good
36,100796.12,20956.97,16956.98,4,Average,Good
49,45715.58,24953.9,15906.74,4,Average,Bad
35,38001.61,10699.83,17148.55,5,Average,Bad
55,15000.0,7502.01,59033.58,8,Good,Bad
63,33025.95,13144.94,8625.93,1,Average,Good
30,62152.49,17415.14,58098.55,8,Average,Bad
29,48802.36,11932.74,2019.02,1,Poor,Good
62,32705.05,15631.7,46306.09,8,Good,Bad
25,35948.84,20642.63,18727.07,4,Poor,Bad
54,76672.12,31097.52,6446.9,0,Poor,Good
35,84234.76,15022.57,34654.26,8,Average,Good
28,46283.62,5143.91,11473.01,3,Good,Good
28,33659.67,8008.94,39917.69,5,Poor,Bad
63,58227.16,18177.75,5103.06,0,Good,Good
52,71966.59,33459.25,5726.92,1,Good,Good
46,71709.89,15338.28,3832.65,2,Good,Good
37,90271.15,45613.62,6430.36,3,Good,Good
58,68738.93,22108.13,1316.54,0,Average,Good
53,30384.49,19274.87,43957.04,6,Good,Bad
35,87566.92,39153.24,33204.31,8,Average,Bad
44,68093.08,28380.13,15133.72,8,Good,Good
48,86023.1,7016.54,26396.3,5,Average,Good
60,75958.26,43761.67,9683.51,3,Good,Good
54,69679.78,9067.75,27752.26,4,Good,Good
59,72368.87,6107.2,26654.35,7,Good,Good
33,31037.92,7830.14,4166.84,0,Poor,Good
45,57272.49,13945.35,14586.79,3,Average,Good
21,36812.7,4632.8,15707.75,3,Average,Good
40,69769.82,17005.52,43240.93,6,Poor,Bad
55,63677.62,4639.77,1892.04,0,Good,Good
49,30721.45,11598.68,39098.74,6,Poor,Bad
36,66173.82,26340.64,5033.67,0,Good,Good
55,15000.0,5837.0,49167.7,7,Average,Bad
60,35684.85,12849.45,10239.5,4,Good,Good
42,35068.15,18191.73,19719.42,4,Good,Good
37,39943.1,2502.04,16348.65,3,Good,Good
55,53959.61,14663.37,15487.49,6,Average,Good
40,28478.1,6678.71,16553.61,5,Good,Good
38,42913.22,16674.94,46556.64,7,Average,Bad
32,68089.85,18886.23,7665.4,1,Good,Good
59,42046.24,14375.79,12010.48,8,Good,Good
65,72185.14,44499.8,38530.24,5,Average,Bad
40,58696.27,33178.08,8069.85,6,Average,Good
63,86664.51,7415.38,13668.07,8,Good,Good
47,106250.55,16611.79,26308.57,5,Poor,Good
33,85011.43,22636.61,5302.51,3,Good,Good
60,87167.79,40946.51,39283.87,8,Poor,Bad
36,73825.16,8742.55,6352.13,3,Average,Good
51,40613.6,22577.93,5483.25,4,Good,Good
44,80566.59,55606.63,8320.84,2,Good,Good
22,15000.0,8908.11,6649.36,5,Good,Bad
53,70882.8,30865.12,13572.6,1,Poor,Good
44,78162.22,53869.53,27914.03,5,Poor,Bad
39,48940.71,23595.87,8909.42,1,Average,Good
61,68934.62,17451.03,14202.35,5,Poor,Good
43,67961.77,22769.25,18510.57,7,Average,Good
57,62331.32,32978.96,4341.55,0,Poor,Good
61,46430.0,28725.46,18098.55,7,Average,Bad
64,77385.26,22947.38,27460.74,8,Good,Good
49,66709.81,25208.04,2872.77,0,Poor,Good
56,40790.95,17548.47,9324.45,5,Average,Good
35,56336.3,10949.15,28451.05,6,Average,Good
37,66932.88,32236.31,4756.43,1,Poor,Good
46,38920.55,9785.12,4072.11,0,Good,Good
23,64812.72,32274.66,15389.95,2,Average,Good
29,61062.46,23251.08,6905.03,5,Average,Good
35,48544.98,30222.79,4926.11,1,Poor,Bad
50,38012.26,25320.39,41224.0,5,Good,Bad
39,53789.59,24900.4,31665.28,4,Good,Good
65,57123.5,24537.53,13530.85,1,Poor,Good
49,59678.95,40465.12,7654.61,4,Average,Good
24,31266.06,17933.35,15220.22,2,Poor,Bad
53,57294.21,36605.98,6341.24,1,Poor,Good
58,21952.66,6843.44,20805.34,2,Good,Good
40,38274.24,9491.02,32283.82,4,Good,Good
56,75637.36,43503.56,32653.68,4,Average,Bad
59,51051.41,33921.09,5420.82,2,Good,Good
46,60493.62,9282.95,12597.58,4,Poor,Good
23,38051.41,23322.28,43208.37,6,Good,Bad
28,21000.81,12309.5,18136.63,2,Poor,Bad
49,53760.95,31681.45,6305.24,0,Average,Good
57,19432.98,2147.73,27856.62,4,Poor,Bad
35,44457.57,13380.15,23879.23,5,Good,Good
21,81756.62,44257.0,22313.35,7,Average,Good
63,48207.97,9349.6,29764.28,5,Average,Good
55,42643.75,19372.52,25906.9,3,Poor,Bad
64,29998.63,18608.59,31270.1,5,Good,Bad
28,61603.34,24350.61,36985.95,7,Poor,Bad
44,38732.91,10188.14,17803.45,7,Good,Good
31,86760.88,32551.71,7439.14,1,Good,Good
44,51993.16,7254.46,18762.19,3,Poor,Good
41,70236.08,14030.13,48481.92,7,Average,Good
57,42442.34,21685.18,25946.98,3,Average,Good
43,59630.25,31460.53,3505.3,1,Average,Good
49,84406.42,34068.08,4542.29,0,Average,Good
36,62156.77,5334.37,34817.94,7,Good,Good
65,34964.63,5012.32,19050.35,5,Good,Good
34,85914.25,20985.51,16862.36,2,Average,Good
26,77709.7,31878.23,36962.65,5,Average,Bad
59,58965.79,3625.54,4098.67,0,Average,Good
46,58143.25,24818.34,14063.54,2,Good,Good
28,59594.01,31970.05,11738.05,5,Average,Good
60,75787.9,25050.16,14604.1,2,Poor,Good
65,32451.54,5743.38,22525.01,6,Good,Good
46,69281.72,25940.51,8086.98,7,Average,Good
60,50982.97,14532.43,52432.45,8,Average,Bad
57,85921.8,4929.01,5739.31,0,Good,Good
38,53483.65,25940.79,21056.12,7,Average,Bad
26,59526.02,31004.19,26252.96,3,Average,Bad
28,72339.8,6193.12,12083.66,3,Poor,Good
44,70595.11,25832.78,52665.4,7,Average,Bad
47,59167.11,8543.51,11014.68,5,Average,Good
52,72631.99,17436.75,4246.14,2,Average,Good
34,32608.89,13508.54,20125.41,3,Average,Bad
44,55858.64,30943.77,3314.88,0,Poor,Good
45,37798.78,9902.11,30956.72,8,Average,Good
46,73069.61,43104.73,9644.53,7,Poor,Bad
22,68877.57,10149.46,19145.89,2,Average,Good
47,44931.58,20825.2,8724.22,1,Average,Bad
55,34883.75,18110.61,2846.06,1,Average,Good
50,95859.69,25891.44,43709.78,8,Good,Good
49,49515.43,14364.64,17093.12,6,Average,Good
37,42269.49,20903.1,1176.86,0,Average,Good
46,38267.44,14566.29,22126.1,7,Good,Good
46,15000.0,4250.26,20528.05,2,Good,Bad
31,81166.32,38827.74,44517.2,6,Poor,Bad
61,55783.28,13753.77,23466.09,3,Good,Good
23,39079.68,8437.35,17435.68,6,Average,Good
54,66515.6,44590.38,32197.43,5,Average,Bad
49,105920.97,55381.85,9492.47,1,Poor,Bad
58,68070.04,34082.55,10525.1,1,Good,Good
45,41807.47,26383.95,28750.85,4,Poor,Bad
57,70674.38,7660.0,9026.73,2,Poor,Good
65,88403.25,46548.68,7875.05,1,Good,Good
34,81375.29,34725.92,5523.59,1,Poor,Bad
23,85128.43,57825.44,31381.97,8,Poor,Bad
56,55554.43,27241.18,16915.29,3,Poor,Bad
37,60774.65,19382.64,9791.87,6,Poor,Good
54,42968.33,20305.7,8843.3,5,Average,Good
54,31201.1,14615.15,5081.43,0,Good,Good
49,37818.24,13410.01,38423.98,5,Average,Bad
39,63522.39,20593.29,45207.72,7,Average,Bad
62,29244.49,14935.73,23304.12,5,Average,Good
21,30593.65,20022.26,10143.74,7,Average,Bad
25,53982.95,24824.68,13935.22,3,Average,Bad
29,63654.57,31525.18,8161.91,4,Average,Good
52,40537.69,11224.24,8493.94,1,Average,Good
44,42913.23,8457.35,26114.06,3,Good,Good
21,72514.32,27445.21,9801.54,5,Average,Good
60,54956.67,11957.31,38326.3,6,Poor,Bad
49,52389.7,32125.01,8408.8,2,Average,Good
47,68194.42,30346.68,31945.9,7,Poor,Bad
60,88739.76,42832.27,45606.33,8,Poor,Bad
62,47841.12,19040.34,15669.57,5,Average,Good
61,21898.74,11628.48,46150.29,7,Poor,Bad
46,15000.0,5043.65,9605.88,2,Average,Good
48,86727.48,29663.27,35704.24,7,Good,Good
39,22541.45,10857.44,52182.63,8,Good,Bad
57,56111.51,4003.94,5384.1,0,Good,Good
34,39737.02,2092.91,9588.86,4,Poor,Good
52,69515.34,35213.93,51410.29,7,Poor,Bad
21,89377.01,47668.48,13544.86,7,Poor,Bad
48,54082.38,31019.12,16793.52,7,Poor,Bad
32,29825.37,15926.39,10865.19,2,Good,Good
43,33290.88,10347.28,29494.08,5,Good,Good
41,31361.14,16545.99,15829.57,2,Good,Good
43,47819.55,15004.72,28136.66,7,Average,Bad
25,58871.39,34069.73,1445.99,0,Good,Good
53,61281.06,34070.95,47633.55,8,Poor,Bad
48,29536.8,5490.53,20994.74,2,Good,Good
43,57268.0,23010.56,4691.28,1,Good,Good
46,39853.79,14933.94,21007.52,6,Poor,Bad
53,47893.76,17626.41,9706.89,2,Average,Good
45,78046.65,4842.43,18785.07,4,Average,Good
40,52000.24,32957.5,14496.34,3,Average,Good
25,63166.9,42371.79,39618.67,8,Poor,Bad
52,48998.12,6611.67,10782.48,1,Average,Good
36,101665.79,24842.87,3154.97,0,Good,Good
50,68249.62,26485.97,2315.57,1,Poor,Good
43,17391.14,7305.45,5509.42,3,Average,Good
46,73707.84,48130.37,32590.76,6,Good,Bad
57,80828.07,43822.79,15993.71,4,Average,Good
22,37873.87,6434.12,25431.15,3,Good,Good
43,54727.94,20283.96,8638.97,2,Average,Good
42,56728.57,32054.71,21363.7,4,Good,Good
59,53074.53,18809.37,23336.21,3,Average,Good
53,54903.51,24117.69,1981.33,0,Average,Good
31,46341.98,8724.92,39879.81,8,Average,Bad
22,,5986.56,3138.86,0,Poor,Good
57,56206.44,33971.94,1369.34,0,Poor,Bad
52,50538.66,28364.41,17182.94,2,Average,Good
39,29639.72,15290.16,8310.61,3,Good,Good
52,36132.34,25075.36,20761.51,6,Poor,Bad
51,46516.02,28851.62,21529.99,3,Good,Good
46,48515.28,5025.29,25432.03,3,Good,Good
25,75048.33,8629.84,19783.01,8,Average,Good
56,41834.53,3272.79,10179.15,2,,Good
51,51435.61,11915.32,31774.77,8,Average,Good
50,68294.28,45319.9,22054.1,5,Good,Good
37,26439.38,7961.94,28575.91,7,Average,Bad
33,21218.83,6578.25,29709.18,7,Good,Bad
60,81908.12,11967.11,7292.14,5,Good,Good
40,15000.0,7909.52,13916.88,3,Average,Bad
62,58219.58,19088.96,18869.39,5,Good,Good
29,55159.94,,28729.59,5,Good,Bad
47,54264.47,18630.91,56944.4,8,Average,Bad
49,15000.0,5138.13,10053.14,8,Good,Good
59,37600.4,15493.41,52365.04,8,Good,Bad
40,69761.61,32797.54,13958.84,5,Average,Bad
58,48829.01,14664.28,16803.48,3,Good,Good
21,63576.25,41328.57,27163.79,6,Good,Bad
36,,23983.58,22400.93,3,Average,Good
33,68731.32,40111.43,23376.29,3,Good,Good
59,57683.7,28082.4,33683.99,4,Average,Good
21,51336.43,7704.37,1383.2,0,Average,Good
28,83041.44,54543.88,48551.84,8,Poor,Bad
60,67049.32,19632.12,21307.51,6,Good,Good
40,49756.53,2814.94,18014.5,2,Average,Good
27,45736.65,9249.29,8526.89,3,Poor,Good
48,47635.49,24736.59,9424.2,2,Poor,Good
39,55055.24,33910.53,26898.25,3,Good,Good
23,65727.56,15578.55,4880.84,1,Good,Good
61,18888.85,5500.79,17162.12,4,Average,Bad
53,74349.75,19136.03,10761.01,4,Average,Good
30,55620.46,23201.9,17388.54,8,Average,Bad
34,79880.68,27229.48,3192.1,2,Average,Good
44,80785.4,17475.27,4029.25,0,Good,Good
56,50260.02,9014.5,46540.61,8,Average,Good
65,84182.14,18765.37,13815.73,1,Good,Good
48,48504.53,31651.76,46640.71,7,Average,Bad
36,77443.5,10092.3,13109.05,5,Good,Good
28,68129.62,19325.1,18925.95,3,Good,Good
55,20624.98,1234.68,59988.4,8,Average,Bad
62,43278.86,27229.5,2244.82,0,Poor,Bad
57,40027.29,19948.17,6894.59,1,Average,Good
47,75837.04,36817.4,5538.03,3,Good,Good
28,82302.98,9202.37,20530.42,3,Poor,Good
46,64988.22,8607.6,6724.49,2,Poor,Good
62,75350.82,17282.97,16731.36,3,Poor,Good
65,28583.52,2841.08,15696.53,2,Poor,Good
48,44830.89,7764.14,39441.26,6,Poor,Bad
26,42313.14,8735.25,36445.51,5,Average,Bad
58,89056.54,58350.62,18953.63,6,Good,Good
22,33966.1,2615.86,3869.84,2,Good,Good
61,39889.93,9920.88,11293.42,6,Average,Good
33,88792.74,24739.26,33953.53,5,Poor,Bad
36,34653.33,4006.48,4608.16,0,Average,Good
37,89532.53,38677.61,5010.93,0,Average,Good
32,47874.19,17108.87,40989.28,5,Average,Bad
48,50275.28,11141.42,17320.14,3,Poor,Good
24,52073.15,28160.6,11187.74,5,Average,Bad
40,52053.99,26225.48,42082.87,6,Good,Good
57,42567.46,22038.3,3257.21,0,Poor,Bad
41,60348.14,12918.19,5273.1,3,Good,Good
59,40973.26,20425.86,42790.21,6,Poor,Bad
43,35623.37,16388.64,8986.17,1,Poor,Good
37,64798.81,41528.95,45955.71,6,Average,Good
31,71783.7,27409.76,30271.11,5,Average,Bad
23,80810.31,46984.53,27987.91,3,Good,Good
47,68543.19,10212.16,20604.33,3,Good,Good
45,62329.14,40973.5,20357.57,5,Average,Bad
41,61488.0,41864.75,53115.72,8,,Bad
49,79390.07,28106.99,30192.94,4,Good,Good
61,58715.35,2959.72,21131.37,6,Good,Good
57,49551.45,6097.35,9707.94,7,Good,Good
21,41887.27,28096.51,19058.75,2,Good,Good
33,47124.85,10351.84,57837.68,8,Average,Bad
25,104344.07,23337.33,18543.84,2,Average,Good
21,89314.04,29736.24,20738.01,5,Average,Bad
22,57661.87,5065.1,5835.49,4,Good,Good
48,74136.67,34394.52,24158.33,8,Poor,Bad
55,47620.41,20469.98,4914.91,0,Average,Good
65,27479.15,18752.46,8206.56,4,Good,Good
46,61138.75,23047.99,11474.13,4,Poor,Good
56,44346.78,10617.5,14505.35,4,Average,Good
54,74773.61,44595.82,25197.89,7,Good,Bad
31,27330.93,12314.36,6293.26,5,Average,Good
56,27844.18,4922.45,27248.32,5,Average,Good
53,53255.69,27937.12,5220.08,1,Average,Good
24,45820.86,11209.96,27251.59,3,Average,Good
42,37023.74,9376.77,16028.45,5,Poor,Good
29,61822.55,36076.31,30638.13,6,Good,Good
48,36736.02,23433.7,15563.28,3,Average,Bad
49,28718.65,14285.59,3138.32,0,Good,Good
50,52817.83,22383.97,41952.03,6,Good,Bad
34,16510.24,5680.01,2048.25,0,Average,Good
64,72047.03,15633.79,10446.96,1,Average,Good
45,29341.21,5043.54,35047.86,6,Good,Bad
59,15831.17,7214.66,5323.97,1,Average,Good
64,53221.61,28247.59,4495.44,3,Average,Good
28,43117.31,21286.56,39165.61,8,Average,Bad
59,44124.41,15962.28,28804.71,5,Average,Good
21,87152.82,48427.68,48430.8,6,Average,Bad
62,65141.63,3655.94,11240.96,8,,Good
33,37447.15,13344.64,6985.92,1,Average,Good
28,76397.01,28650.56,4210.64,1,Average,Good
45,30874.57,5113.5,25815.81,6,Good,Good
53,51293.26,3152.96,12580.09,1,Poor,Good
27,54599.62,13057.48,3302.75,0,Average,Good
46,33365.94,5461.16,9798.46,3,,Good
28,55383.1,17813.41,5719.26,0,Poor,Good
47,51716.41,13193.36,34249.8,8,Good,Good
57,58368.04,33665.74,6488.51,0,Average,Good
56,26700.95,17280.47,29216.33,4,Good,Bad
42,48336.57,22329.95,21687.91,3,Poor,Bad
59,62566.94,39250.49,13701.28,3,Good,Good
59,55116.67,17975.67,26379.65,7,Good,Good
25,35927.91,15146.89,10828.31,5,Average,Bad
48,42675.59,12784.14,46897.49,7,Good,Bad
23,58866.61,4887.21,9152.72,5,Average,Good
42,26108.85,4734.91,20808.13,2,Good,Good
38,70914.06,31252.48,34570.77,5,Good,Bad
31,79639.69,39681.67,12477.35,2,Average,Bad
65,95472.01,59617.05,28137.08,6,Good,Good
25,60339.74,35879.07,45363.34,6,Good,Bad
42,66643.34,39777.46,47614.12,8,Poor,Bad
31,52264.33,4967.62,35160.64,5,Good,Good
61,56695.66,14527.57,13515.51,1,Average,Good
45,38887.89,11867.89,47334.87,8,Poor,Bad
31,49902.0,31260.94,10192.73,1,Average,Bad
58,70460.27,16090.84,3615.09,0,Average,Good
44,71131.28,24036.55,12484.94,8,Good,Good
59,50069.83,4759.14,11890.58,3,Average,Good
55,82387.75,25269.51,35058.91,5,Good,Good
35,47823.07,6495.47,29465.97,6,Poor,Good
59,76690.54,23291.82,2104.03,1,Poor,Good
29,54683.61,8897.43,4361.11,1,Average,Good
52,92213.69,42499.41,61264.57,8,Average,Good
57,50774.49,28248.57,8383.47,1,Average,Good
24,45184.56,27469.51,47682.82,6,Poor,Bad
48,46778.84,22893.34,5426.06,4,Average,Good
39,58086.32,35684.29,5082.13,3,Good,Good
24,42782.2,23400.55,49237.82,8,Poor,Bad
53,64208.39,14860.63,1381.65,0,Average,Good
53,30637.84,18633.4,16658.3,5,Good,Good
59,67807.94,19071.2,6243.23,3,Good,Good
65,66585.8,13877.17,9955.46,6,Average,Good
38,34019.86,9429.96,24590.01,3,Average,Bad
32,38590.64,21288.87,10967.07,3,Poor,Bad
63,42370.31,29282.69,28363.79,7,Average,Bad
46,29937.5,5381.53,6522.54,5,Average,Good
38,29394.63,18446.5,5174.03,2,Poor,Bad
34,68964.42,9219.56,41562.21,8,Good,Good
42,53308.74,23156.18,16762.12,5,Average,Bad
40,50173.12,31434.08,15358.22,7,Good,Good
37,80441.18,25293.5,46144.67,7,Average,Bad
54,77525.93,38943.06,4750.88,0,Average,Good
48,50268.39,9627.46,19490.36,4,Good,Good
30,48974.9,21568.27,38827.41,5,Average,Bad
36,15000.0,3644.73,19992.98,7,Good,Bad
44,61449.34,10103.86,32959.91,7,Poor,Bad
62,57286.94,3971.62,10217.65,6,Poor,Good
61,70010.72,8257.28,13019.1,1,Good,Good
21,65993.99,41497.37,47084.86,6,Average,Bad
39,55849.65,12791.21,8236.01,1,Poor,Good
24,52029.45,14399.97,27236.99,3,Poor,Bad
35,87830.54,47066.93,13431.71,1,Average,Good
60,84562.54,8735.9,6586.16,0,Average,Good
48,45226.25,16937.59,33870.5,4,Good,Bad
51,87820.93,5629.77,32657.79,7,Average,Good
22,63549.12,11007.41,36252.13,7,Average,Good
32,60967.55,11698.31,35985.54,5,Poor,Bad
43,56614.13,8187.47,32065.16,8,Average,Good
50,66437.56,22263.06,10409.82,1,Average,Good
62,33560.5,14246.55,18264.01,5,Good,Good
31,66742.75,23447.29,5511.31,1,Average,Good
55,36752.25,13524.81,14107.26,3,Average,Good
35,44581.72,10029.7,32222.99,8,Average,Bad
43,76422.49,16579.06,23854.77,7,Average,Good
21,61386.66,23786.38,60964.24,8,Average,Bad
35,62469.62,38076.92,20714.51,3,Average,Bad
44,68773.56,44465.7,39769.94,5,Good,Good
33,45378.53,5561.74,12051.18,2,Average,Good
32,68866.49,21566.16,18774.69,3,Good,Good
30,18825.06,4159.84,17912.0,2,Average,Bad
41,76306.95,37145.04,52338.48,8,Good,Bad
60,88670.93,29327.65,29074.33,6,Average,Good
22,65746.31,20286.2,2102.83,1,Poor,Bad
24,50820.0,14905.45,6932.15,4,Poor,Bad
46,69503.99,27450.73,19785.78,2,Good,Good
34,57998.63,9467.52,41947.98,6,Average,Good
51,23701.73,4678.18,16359.27,4,Average,Good
21,44236.82,24205.12,26798.49,5,Poor,Bad
31,59272.92,36591.52,24053.56,3,Poor,Bad
49,30750.85,2645.54,8899.88,2,Good,Good
49,45791.87,17509.46,54707.5,8,Average,Bad
48,38419.25,6707.48,31595.57,5,Good,Good
49,15000.0,5117.55,47207.17,6,Good,Bad
55,57745.52,9235.31,25237.88,5,Average,Good
58,37472.31,9387.0,6903.99,3,Poor,Good
40,61713.16,21666.23,27157.25,7,Poor,Bad
56,35199.48,11478.87,17505.44,2,Average,Good
32,64323.81,33591.37,10415.89,2,Good,Good
45,46843.54,29705.08,45520.98,7,Average,Bad
34,37303.67,4441.36,24352.9,7,Poor,Good
34,68941.31,5282.18,48487.0,7,Average,Good
21,71322.35,47761.41,30727.19,5,Average,Bad
46,75662.37,27973.44,32118.13,8,Average,Bad
45,54268.08,34549.61,38962.81,8,Poor,Bad
26,45428.45,18492.2,44573.11,6,Average,Bad
48,29241.05,12544.23,48621.79,7,Average,Bad
46,52553.06,23101.44,29751.49,5,Average,Bad
43,96646.97,66067.91,34979.49,4,Average,Bad
42,37640.0,20698.99,3200.84,0,Good,Good
27,36158.68,17180.81,24676.84,6,Poor,Bad
46,28092.63,8396.52,13932.62,4,Average,Good
54,75554.09,41453.58,28911.43,5,Poor,Bad
42,40350.63,14819.49,12568.07,4,Average,Good
39,77847.7,31277.84,14530.44,6,Average,Good
53,59034.01,21160.97,10902.75,2,Good,Good
48,42189.41,8452.83,9311.58,6,Good,Good
31,47669.98,22295.64,20183.2,5,Poor,Bad
43,15000.0,3688.57,20246.53,5,Good,Good
25,60867.88,6412.03,38311.03,5,Good,Good
62,71480.3,11838.9,27589.36,5,Good,Good
22,59998.03,25719.34,8684.32,2,Average,Good
52,65711.55,25482.63,11568.37,2,Average,Good
31,25082.44,3236.72,53628.5,8,Average,Bad
30,105936.67,39669.09,58572.57,8,Average,Good
54,26924.87,14423.75,11701.06,2,Average,Bad
49,79925.35,55102.59,53560.42,8,Poor,Bad
52,70726.25,42771.88,48639.97,8,Poor,Bad
36,48938.14,19396.66,37513.37,5,Average,Bad
64,51672.33,14035.67,12600.7,3,Average,Good
28,39329.56,23794.89,34111.48,6,Average,Bad
28,52105.39,23474.46,6784.4,4,Average,Good
60,29249.62,5955.89,2567.89,1,Average,Good
44,15000.0,2511.21,23042.48,3,Good,Good
32,47171.49,16105.54,40144.83,7,Poor,Bad
64,58489.19,30861.99,12744.62,5,Average,Good
37,50895.74,7308.73,13578.42,2,Average,Good
21,61758.67,37000.52,4137.89,0,Poor,Bad
61,44551.96,30157.99,8688.09,2,Good,Good
57,45264.86,15796.9,24525.99,4,Poor,Bad
55,63429.47,9917.24,13985.48,7,Poor,Good
57,51629.87,20138.37,36509.15,7,Good,Good
57,86303.44,35150.96,9129.77,3,Average,Good
28,47745.69,14297.55,13329.68,7,Average,Good
24,34725.24,4573.62,8122.72,2,Good,Good
38,84947.38,25073.6,5659.43,2,Poor,Good
52,69684.36,25297.72,14751.73,4,Good,Good
44,48868.61,34131.24,41977.38,7,Good,Bad
44,50563.46,4500.42,11891.24,3,Good,Good
63,44662.06,8892.47,18296.51,5,Good,Good
51,52167.8,18010.38,5652.17,4,Poor,Good
30,76082.57,22354.17,15226.49,4,Good,Good
21,80087.14,8878.57,10268.0,1,Good,Good
39,15000.0,4247.59,20941.18,3,Good,Bad
41,65140.32,5572.79,30682.42,6,Good,Good
26,87789.77,46731.78,10319.57,1,Average,Good
43,57514.0,6804.68,34899.56,5,Good,Good
32,73885.79,32835.98,5539.97,2,Good,Good
26,39604.62,5430.43,9857.54,3,Good,Good
45,46471.46,15999.67,14420.51,7,Good,Good
53,29543.51,20069.96,4454.26,3,Good,Good
42,25453.44,13570.28,25080.73,6,Average,Bad
53,19836.14,10196.48,23767.11,5,Good,Bad
48,62006.84,34739.61,24627.57,5,Average,Bad
45,24087.0,15798.28,2808.93,0,Average,Good
46,108470.22,17368.75,15343.33,6,Poor,Good
64,86120.99,32772.73,19746.67,3,Poor,Good
48,43124.09,16470.98,20237.28,5,Poor,Bad
45,35621.41,3910.87,5536.27,2,Poor,Good
28,20000.44,10454.72,13634.68,1,Good,Bad
44,57634.4,8389.25,53570.41,8,Average,Bad
54,55819.74,19236.81,38253.32,6,Average,Good
30,56385.88,7851.58,9564.77,1,Average,Good
25,81149.68,5241.62,42323.89,6,Average,Good
21,62123.34,30563.54,10478.6,1,Average,Good
57,61852.25,20876.25,4531.13,1,Good,Good
32,40219.66,20175.71,25878.84,3,Good,Good
48,20995.9,3080.64,27567.57,6,Good,Good
60,47930.09,10935.45,25621.23,4,Good,Good
29,76485.35,6721.45,21242.73,3,Poor,Good
29,49793.19,22677.48,6998.45,0,Good,Good
35,15000.0,10222.28,40219.24,5,Average,Bad
39,61605.82,40100.54,22314.88,6,Poor,Bad
48,70215.39,46191.41,5679.76,0,Average,Good
64,65448.37,45324.23,24539.75,3,Good,Bad
53,70798.0,41142.11,30731.37,6,Good,Bad
24,25008.25,10965.14,56048.29,8,Average,Bad
45,62601.57,38269.09,18515.24,3,Good,Good
25,47841.78,19773.95,3530.92,1,Poor,Bad
30,45528.58,17314.96,48771.48,6,Poor,Bad
61,56369.43,26925.83,18079.51,3,Good,Good
59,61236.28,35389.47,11640.31,6,Average,Good
25,38620.07,22467.91,13459.98,4,Poor,Bad
48,27232.2,18378.13,1264.55,0,Average,Good
34,48066.93,9684.48,24257.18,5,Average,Good
41,58110.45,30251.89,7780.97,2,Average,Good
21,62119.54,38321.84,40439.81,6,Poor,Bad
63,59900.37,31136.19,34928.33,7,Average,Bad
37,45272.86,18645.33,20638.52,5,Good,Good
30,59864.89,13485.31,15127.58,8,Average,Good
59,58451.88,9668.68,13241.22,3,Average,Good
27,58756.05,25783.44,5044.16,2,Good,Good
41,41901.08,14845.23,22563.38,3,,Bad
64,45536.6,15664.78,18433.86,3,Average,Good
44,26488.13,9995.37,18069.22,7,Average,Bad
48,59120.99,24531.36,35727.75,7,Average,Good
49,29129.29,18820.43,11684.47,3,Good,Good
41,65270.81,21037.04,16154.95,3,Average,Good
64,37016.77,7090.07,4616.02,0,Poor,Good
38,46116.89,20859.03,8975.64,6,Average,Good
56,49744.33,3690.74,4860.8,2,Poor,Good
26,53869.21,17123.02,3114.62,0,Good,Good
37,56737.18,36492.97,16987.96,4,Good,Good
41,38837.16,3459.25,18464.95,4,Good,Good
37,41328.12,20783.52,51870.37,8,Good,Bad
58,90641.57,21509.87,14710.58,5,Poor,Good
61,69908.08,23797.37,54002.39,8,Average,Bad
39,49807.88,5817.53,10723.74,1,Good,Good
23,66136.82,12783.23,8923.61,1,Average,Good
30,56246.31,7867.96,24859.7,7,Average,Good
55,77495.97,30459.43,16999.58,6,Good,Good
22,31372.12,3517.24,21990.39,3,Poor,Bad
32,49334.65,5710.81,2481.78,0,Average,Good
59,53394.82,30907.36,45045.71,6,Good,Good
44,45086.07,11001.93,33543.28,4,Good,Good
60,67470.44,11252.52,4999.68,0,Good,Good
40,64412.05,12247.72,33074.47,4,Average,Good
26,35609.52,4179.27,13094.43,6,Poor,Bad
44,68228.46,41312.49,30015.58,7,Good,Bad
27,76170.09,17914.72,4361.03,0,,Good
43,39441.62,19306.76,3293.51,1,Poor,Bad
64,44017.06,17009.94,3312.53,0,Average,Good
55,83405.14,38278.41,6514.3,3,Average,Good
26,73959.68,11841.52,6952.04,1,Good,Good
35,40888.92,13573.32,5210.28,0,Good,Good
55,50894.39,6369.11,22349.08,8,Good,Good
40,29512.63,11455.35,55131.46,7,Good,Bad
55,44641.75,17488.44,7625.83,1,Average,Good
64,42507.27,6120.06,3313.75,2,Good,Good
32,74137.14,25972.14,8459.08,6,Good,Good
40,84380.47,30551.64,8532.87,3,Good,Good
45,28579.87,9259.37,30784.44,6,Poor,Bad
42,60285.96,36541.3,8579.64,2,Average,Good
47,60718.37,34151.64,22067.61,3,Good,Good
48,64410.3,26138.61,7607.45,1,Average,Good
26,53062.28,16922.03,5163.27,1,Good,Good
22,56925.22,27317.14,11226.3,8,Good,Good
29,58530.23,26177.18,47624.42,8,Average,Bad
28,51296.7,30874.38,9440.64,2,Average,Good
40,36025.56,4598.37,30222.78,5,Good,Good
65,54467.27,13109.0,17130.93,4,Poor,Good
60,70390.63,14388.83,21944.29,8,Good,Good
27,46398.02,8370.71,5341.66,0,Good,Good
36,86378.69,24321.64,31155.99,4,Poor,Bad
22,68488.02,20173.08,14867.91,2,Good,Good
26,66381.59,37305.79,28460.0,5,Poor,Bad
29,33731.97,5072.28,4838.82,1,Good,Good
24,55055.65,14051.23,11165.15,3,Poor,Bad
55,49530.72,3091.43,26555.7,5,Good,Good
57,60738.35,24091.89,14682.56,3,Average,Good
28,72098.01,11757.35,9661.46,1,Average,Good
39,39108.79,21658.57,11887.64,5,Average,Good
30,104115.52,9385.55,14836.3,6,Poor,Good
46,38651.96,18913.57,3420.25,1,Good,Good
25,49812.16,30225.92,38896.6,7,Poor,Bad
29,79366.75,10428.75,20313.42,3,Average,Good
35,59108.57,40694.27,41439.91,5,Poor,Bad
41,60155.22,20138.32,30427.58,7,Average,Good
31,29639.29,15651.07,25076.23,5,Average,Bad
34,78238.47,42080.85,40041.31,8,Good,Good
38,38547.57,24630.57,17456.41,4,Good,Good
63,25944.08,17712.19,20981.35,4,Average,Bad
25,51869.86,36059.33,6980.04,0,Good,Good
40,29336.45,14136.52,11905.58,2,Good,Good
57,59980.23,23064.51,9887.31,3,Average,Good
55,42301.86,5702.01,49106.96,8,Good,Good
64,47072.12,10013.24,25516.1,3,Good,Good
31,50346.56,34094.87,7869.39,2,Good,Good
50,35918.77,22397.72,13129.11,5,Good,Good
49,83689.34,36240.47,3130.88,1,Good,Good
55,32954.39,7000.4,25365.1,5,Good,Good
27,38372.01,16654.62,9147.96,4,Good,Good
44,36741.04,4889.41,14484.64,3,Average,Good
63,27715.04,11867.92,13165.67,6,Average,Good
54,67369.69,14815.15,37345.14,7,Poor,Good
50,63098.28,31613.48,34819.01,7,Poor,Bad
55,50104.0,30478.57,8502.18,6,Good,Good
42,41173.65,3709.27,1547.51,0,Poor,Good
34,56828.68,12469.92,29586.42,8,Average,Good
31,50093.99,29723.67,3868.1,1,Poor,Good
47,71574.19,26711.96,12519.88,3,Average,Good
40,32538.79,20497.96,20678.61,5,Good,Bad
49,15000.0,9452.96,18976.12,2,Average,Bad
59,30652.08,3316.19,12169.42,7,Average,Good
50,93118.83,47387.59,37870.97,6,Average,Bad
58,59553.07,12198.62,53174.51,7,Good,Good
28,78906.72,34272.8,17825.87,2,Good,Good
45,47120.37,24672.89,36557.77,7,Good,Bad
46,40966.56,19951.8,4627.8,3,Good,Good
29,67785.39,39759.38,16953.17,6,Poor,Bad
55,65660.28,12253.84,22034.77,7,Average,Good
30,63972.26,39701.23,8027.3,1,Average,Good
57,24009.37,3896.53,9599.51,7,Good,Good
22,46247.83,6165.78,15041.7,5,Average,Good
57,15000.0,10112.13,15691.0,4,Good,Bad
48,34070.44,7761.33,29141.78,4,Poor,Bad
49,76282.28,9419.67,19093.98,4,Good,Good
56,84101.21,16677.93,40826.88,7,Good,Good
21,22635.78,6440.42,18385.33,2,Good,Good
35,76428.02,51156.51,24800.59,3,Good,Bad
21,51030.47,31574.69,5269.0,2,Good,Good
55,72021.38,26806.29,5565.15,1,Average,Good
32,33614.99,8927.39,4015.22,2,Average,Good
51,77689.61,35313.37,6909.75,0,Good,Good
65,26122.21,7962.02,10019.16,3,Average,Good
58,19788.43,4256.89,49899.72,8,Average,Bad
59,52943.12,8323.04,6233.62,2,Average,Good
48,72621.43,14263.28,46902.9,6,Average,Good
28,28534.58,8616.19,39459.95,7,Poor,Bad
60,100135.03,23806.66,22800.08,3,Good,Good
41,39359.52,25839.54,34491.78,6,Good,Bad
46,45767.41,3905.16,27209.9,6,Poor,Good
59,46699.97,10381.78,16134.06,3,Average,Good
47,60958.42,3982.7,14174.33,3,Average,Good
46,101940.95,46853.47,7525.46,3,Good,Good
24,79863.67,4773.02,8331.9,4,Good,Good
53,60437.46,26894.41,4324.77,0,Poor,Bad
24,93551.39,59913.81,8083.13,3,Average,Good
41,70420.78,6876.5,27550.94,5,Good,Good
45,50907.56,13158.41,9405.23,2,Good,Good
32,44931.29,9576.73,13071.48,1,Good,Good
65,76351.99,34615.09,9006.29,4,Average,Good
37,81986.5,48567.07,42635.67,7,Average,Bad
47,85815.72,55439.08,23454.41,6,Average,Good
22,82252.34,50862.47,8894.87,6,Good,Good
25,46057.07,13987.17,39770.16,7,Poor,Bad
25,75764.79,43054.78,27376.77,4,Good,Good
44,48903.92,12632.69,34705.27,4,Average,Good
65,21228.75,8705.5,15698.65,4,Good,Good
24,45663.7,9311.67,18485.95,3,Poor,Bad
23,85350.4,52743.69,8177.47,4,Poor,Bad
23,21707.81,7886.25,6041.48,4,Good,Good
42,53014.15,3736.62,28541.7,4,Good,Good
50,28407.13,15064.44,2185.37,1,Average,Good
33,40418.42,17721.4,11272.79,2,Good,Good
65,56661.61,13211.69,47084.67,6,Poor,Bad
54,59448.68,31216.69,20366.71,6,Poor,Bad
44,72988.7,19604.78,11134.26,6,Good,Good
26,23653.42,5730.86,22831.58,5,Good,Good
49,83708.72,19675.49,4682.33,1,Good,Good
34,54630.15,7797.11,6126.24,1,Good,Good
65,54873.07,4694.12,34548.37,5,Poor,Good
31,70034.81,23121.25,3950.19,1,Good,Good
36,16269.63,8460.0,18629.35,2,Average,Bad
61,76527.44,47310.01,15046.63,2,Poor,Bad
55,75659.09,38274.9,8815.28,2,Poor,Good
42,89502.35,7796.69,35438.56,7,Good,Good
42,46763.48,18389.47,34580.16,5,Poor,Bad
29,63506.05,19979.0,25290.56,3,Good,Good
50,66206.13,28509.34,29156.76,7,Good,Good
38,56886.17,30709.8,2834.11,1,Good,Good
60,28009.02,9777.28,35890.23,7,Poor,Bad
25,51983.29,6009.9,5433.29,2,Poor,Bad
63,56080.41,7743.1,20850.59,2,Poor,Good
45,15000.0,9640.26,11213.54,2,Poor,Bad
39,43586.57,17177.64,20816.78,4,Good,Good
64,35075.36,6491.18,4637.21,0,Average,Good
37,84147.17,4423.95,33284.45,7,Average,Good
51,52183.31,27244.76,11014.13,6,Average,Bad
32,88216.05,29890.15,29752.9,5,Average,Bad
46,83938.67,53405.24,3416.27,0,Poor,Bad
65,93018.71,58050.7,5553.33,0,Poor,Good
50,49561.76,32788.67,4129.0,2,Good,Good
49,64080.28,24512.88,21450.51,3,Average,Good
38,32529.68,18212.19,7066.34,6,Good,Good
37,33686.01,18157.36,4999.98,1,Average,Good
36,43696.53,6685.31,3752.79,2,Average,Good
26,45392.45,16381.43,3845.91,1,Poor,Good
28,23125.66,10202.74,17508.21,2,Good,Good
56,78937.9,13643.68,3316.94,0,Average,Good
48,23143.94,7831.21,23874.73,8,Average,Bad
50,56599.53,5812.13,2093.41,1,,Good
46,30897.16,3083.68,42715.83,6,Poor,Bad
37,48492.74,21653.37,6481.07,0,Good,Good
40,31426.74,3427.71,6451.88,4,Good,Good
60,51082.78,30842.76,14458.78,8,Good,Good
53,61508.64,25456.41,2841.42,1,Good,Good
35,67962.75,4496.33,21693.71,6,Poor,Bad
54,51684.58,16317.62,26862.93,8,Average,Bad
31,51336.12,11081.85,3708.45,0,Average,Good
57,83425.66,48474.51,10823.83,2,Average,Good
45,55008.43,12869.24,29073.79,4,Poor,Good
27,83923.89,22916.51,20292.24,7,Good,Good
30,72326.4,27208.91,8278.28,3,Average,Good
50,44793.3,12508.49,29869.59,7,Average,Good
25,76814.47,25393.26,39759.35,7,Poor,Bad
50,76796.71,26623.02,4334.23,0,Good,Good
49,28090.3,17889.0,29327.23,6,Good,Bad
60,70858.66,34069.6,13773.57,1,Average,Good
65,41757.75,21330.98,4870.68,1,Average,Good
65,27465.41,12600.24,3369.21,2,Good,Good
62,36958.27,25372.63,21083.82,6,Average,Bad
54,72129.01,43868.06,29407.9,6,Poor,Bad
48,100564.97,57079.24,24399.7,3,Good,Good
30,76091.87,31189.34,9788.02,2,Average,Good
60,51805.07,2827.41,16007.15,3,Poor,Good
59,23969.39,12827.77,27309.19,7,Good,Bad
63,36933.13,12109.63,10596.25,1,Good,Good
25,33940.7,19257.18,19760.17,2,Good,Bad
64,55418.95,8119.66,20715.48,2,Good,Good
54,60428.43,13182.96,18021.01,8,Good,Good
55,76507.87,18265.44,20775.6,7,Good,Good
49,86655.75,59086.36,25596.13,6,Good,Bad
61,77438.11,28450.86,13874.65,5,Poor,Good
23,36197.02,8641.5,4197.26,0,Average,Good
43,45837.26,15805.71,17259.39,5,Good,Good
60,42601.32,28793.36,22173.19,6,Good,Bad
65,39221.18,26758.56,18014.01,2,Average,Bad
29,44091.08,10321.39,15251.7,5,Average,Good
57,29204.69,,13845.97,4,Poor,Bad
48,52371.94,34163.92,28891.07,7,Good,Bad
34,47865.23,28584.47,6222.38,0,Good,Good
33,69520.07,25075.87,15027.6,3,Average,Good
42,46665.95,25506.49,5027.35,1,Good,Good
21,53449.32,25101.8,5600.38,3,Average,Good
59,31865.01,11048.58,11107.95,1,Average,Good
63,68323.32,4739.17,41331.32,6,Poor,Good
41,,12642.45,19552.76,3,Average,Good
48,98981.96,17701.35,17922.64,6,Poor,Bad
45,45741.02,16651.45,20158.27,2,Good,Good
40,53994.34,21045.64,4079.43,0,Poor,Good
44,92523.47,7594.07,52035.18,8,Poor,Bad
24,61262.38,13352.46,33486.72,6,Average,Bad
59,29169.78,2178.53,1248.25,0,Good,Good
64,52297.81,23718.74,5077.33,1,Poor,Good
60,63345.27,33953.4,26088.43,4,Good,Good
37,38114.42,25110.92,6261.82,5,Good,Good
64,72121.18,18679.54,24816.98,5,Poor,Bad
26,80019.09,17766.01,17025.36,4,Good,Good
55,54563.89,20574.21,2054.05,1,Average,Good
41,60890.49,41765.7,2255.93,0,Good,Good
49,84134.2,9613.82,16229.69,2,Good,Good
45,28189.43,2844.2,34854.81,7,Good,Good
34,37022.79,18958.68,62302.45,8,Good,Bad
43,72046.9,33563.33,14324.05,2,Good,Good
32,71791.87,4922.85,18096.55,2,Average,Good
58,42828.28,19052.44,11994.7,2,Average,Good
31,104314.68,68605.73,17238.88,4,Good,Bad
60,56518.41,23739.59,7743.0,1,Good,Good
43,73844.76,17217.98,18253.31,2,Good,Good
29,59234.99,15502.18,23357.12,4,Average,Good
34,63214.61,40870.97,23101.92,3,Average,Bad
57,33309.32,16765.95,12839.26,2,Average,Good
30,52166.09,16389.13,5936.06,2,Poor,Good
26,20178.61,7790.03,3367.96,0,Good,Good
56,80393.58,10522.09,12616.45,2,Poor,Good
62,,7431.16,20153.96,7,Good,Good
60,43116.47,10971.71,10156.21,4,Poor,Good
50,98816.5,45397.99,19700.13,4,Good,Good
32,62774.4,13996.82,13744.52,4,Average,Good
39,40344.93,4132.75,5313.28,2,Average,Good
33,38280.92,25507.69,29372.8,6,Poor,Bad
58,45799.66,16064.1,7141.03,3,Average,Good
24,59132.93,22911.41,4796.18,0,Average,Good
40,43357.77,5163.09,5461.89,3,Good,Good
24,40024.33,21781.34,13121.68,1,Poor,Bad
60,89396.92,54706.61,52798.9,7,Good,Bad
35,59379.85,8918.61,34896.45,5,Poor,Bad
26,59152.99,14713.8,60895.13,8,Average,Bad
23,15000.0,3730.07,16604.24,2,Poor,Bad
32,58636.78,12637.99,2277.76,1,Good,Good
48,28763.2,6089.69,15306.01,3,Poor,Good
54,69786.12,5778.02,36722.55,8,Poor,Bad
62,22520.86,6567.59,15726.37,6,Average,Good
43,59726.52,34103.88,26613.61,3,Poor,Bad
50,60077.22,32887.82,29322.41,6,Average,Bad
57,32966.76,12887.54,6067.13,0,Poor,Good
31,58989.76,36479.79,13232.87,6,Average,Good
22,40891.49,17677.12,50665.8,8,Average,Bad
55,63541.95,44256.09,29459.9,8,Good,Bad
51,49570.37,33714.64,19792.3,4,Good,Good
33,50532.99,18473.52,40253.31,7,Average,Bad
28,62812.26,24796.76,26935.26,7,Good,Good
49,75160.04,,5263.41,3,Poor,Good
34,15000.0,,15614.58,7,Average,Bad
21,70965.08,35944.61,26879.68,3,Good,Good
25,38751.9,12793.63,8575.11,2,Good,Good
56,57581.3,11901.58,27783.67,3,Average,Good
52,47208.07,22837.65,20300.13,2,Good,Good
43,81288.05,8953.36,27777.1,3,Average,Good
35,41430.29,5534.12,8475.39,1,Good,Good
48,53925.11,33736.28,19375.08,2,Good,Good
57,61068.9,26983.3,1647.12,0,Poor,Bad
33,81201.46,13646.75,11015.27,3,Good,Good
53,73068.98,6021.76,7333.87,5,Poor,Good
44,35004.94,17650.96,36505.94,7,Poor,Bad
53,51027.19,34445.46,19798.36,6,Average,Bad
38,39389.2,2245.93,19453.45,3,Good,Good
58,59401.39,28788.06,45316.21,8,Poor,Bad
62,26809.77,13171.02,40367.05,5,Average,Bad
58,52322.22,27534.84,23391.18,3,Average,Bad
33,58611.66,11017.84,11879.22,1,Average,Good
45,61112.58,25677.05,14760.81,3,Poor,Bad
41,55599.31,37532.89,58757.42,8,Good,Bad
58,54633.02,12185.92,10088.09,1,Poor,Good
57,15000.0,5372.24,40093.1,6,Poor,Bad
52,41888.42,19204.79,4595.61,1,Poor,Bad
58,73137.15,33784.99,10955.05,1,Average,Good
27,45054.65,9235.2,24488.47,6,Poor,Bad
23,86920.97,45374.76,3402.13,0,Average,Good
64,35152.83,7345.23,10088.7,1,Good,Good
56,48566.75,11103.26,36357.43,5,Poor,Bad
48,81716.11,54364.84,13568.65,1,,Bad
52,63679.35,15868.1,34158.53,4,Poor,Bad
48,48515.5,16015.54,39256.49,7,Average,Bad
50,16042.27,4557.04,11141.42,4,Poor,Bad
56,102274.36,39862.57,54942.04,8,Good,Good
58,46915.66,4352.31,5795.43,0,Poor,Good
31,42181.91,27932.05,22232.66,5,Poor,Bad
33,69036.99,26296.41,36142.99,6,Good,Good
34,80641.98,39948.5,4445.31,1,Poor,Bad
50,43347.26,23028.05,8520.7,6,Good,Good
24,82339.81,55614.56,6051.58,0,Poor,Bad
46,34608.77,8146.48,17512.31,3,Average,Bad
51,82022.72,45877.73,5332.58,0,Average,Good
59,95834.92,30589.12,48485.94,8,Poor,Bad
53,69684.89,16037.55,30273.71,4,Good,Good
46,76133.11,23780.7,22750.17,3,Good,Good
25,46200.74,2912.23,8135.58,1,Average,Good
31,81137.48,20117.23,26298.82,6,Poor,Good
65,50234.43,5594.02,16952.01,4,Poor,Good
31,42263.47,6410.42,26335.9,3,Good,Good
21,78213.65,19462.03,19144.82,3,Good,Good
65,65727.83,42830.16,24873.91,8,Average,Bad
52,78683.45,23884.83,31534.7,5,Poor,Bad
51,33167.78,17208.66,52037.9,7,Average,Bad
35,59642.57,40603.77,20293.07,6,Poor,Bad
22,56447.55,15845.13,31862.88,8,Average,Bad
63,71023.28,42140.06,3413.86,0,Good,Good
60,32430.53,20337.01,15733.55,4,Average,Bad
44,91307.45,12909.48,1800.81,0,Average,Good
53,69685.22,36438.31,12869.15,4,Good,Good
45,75217.24,39697.18,3409.25,0,Good,Good
65,74073.43,51764.5,32016.02,7,Average,Good
52,65776.12,10649.79,36210.92,5,Good,Good
38,87235.81,44987.02,49661.01,8,Average,Bad
22,46283.39,29012.15,34551.32,8,Average,Bad
42,70118.5,35139.68,32931.72,8,Poor,Bad
65,,,31429.28,5,Good,Good
45,56727.35,12770.55,22887.5,6,Average,Good
27,20751.21,13346.96,25884.86,8,Good,Bad
22,49356.39,2491.81,35418.27,7,Poor,Bad
26,45583.42,10748.43,11597.15,1,Average,Good
53,44439.32,2377.91,19275.44,2,Poor,Good
36,76523.67,6288.96,8358.13,2,Good,Good
51,86982.45,38530.89,9531.73,8,Poor,Bad
35,58940.54,10206.65,28307.63,7,Average,Good
56,60035.75,14210.87,45119.89,6,Good,Good
56,57297.38,9166.55,28435.36,8,Poor,Good
29,61602.85,25947.77,33003.23,4,Poor,Bad
53,57622.04,35923.52,32933.44,6,Poor,Bad
54,57143.2,22331.83,9069.08,7,Good,Good
58,58374.13,36221.93,10458.66,6,Good,Good
54,57588.23,29306.1,51133.59,7,Good,Bad
43,60292.88,17868.02,14617.18,2,Good,Good
21,46024.64,3900.5,11181.46,4,Average,Good
34,43235.27,15951.71,7887.21,3,Average,Good
41,94621.62,39605.9,12819.0,4,Poor,Bad
29,15000.0,3549.86,31781.36,5,Good,Bad
22,52769.56,10308.44,50687.3,7,Good,Bad
22,59124.95,31049.87,3494.65,0,Good,Good
24,97217.45,11260.65,9847.94,4,Good,Good
65,54499.83,3362.22,28391.88,7,Poor,Good
23,33160.49,5710.58,37572.43,7,Average,Bad
43,44196.93,5262.65,1779.39,0,Good,Good
36,58946.01,3554.66,27639.11,6,Good,Good
36,33719.32,7443.05,3437.49,0,Average,Good
37,80128.73,55984.77,28692.85,4,Good,Good
60,50656.13,22353.94,31579.06,8,Average,Good
27,59598.53,14323.22,4571.07,1,,Good
59,85338.94,59336.26,3214.34,0,Average,Good
60,93380.02,52618.09,2692.93,0,Poor,Good
34,47558.24,19983.44,23838.67,8,Good,Good
44,60308.08,41578.07,21701.97,4,Good,Good
60,38067.77,12837.98,10670.08,2,Average,Good
56,55203.5,23564.91,27692.32,6,Average,Bad
53,66246.33,36478.46,13616.25,1,Poor,Bad
27,25499.26,4719.87,26419.19,6,Poor,Bad
32,70158.11,42861.46,38436.41,7,Poor,Bad
21,47608.62,14363.99,46690.48,8,Good,Bad
23,43796.27,6421.04,11821.4,4,Good,Good
41,49620.11,3038.6,4994.29,0,Good,Good
55,76021.9,16390.24,27621.78,3,Good,Good
56,31204.77,11851.68,17540.68,3,Poor,Bad
25,59664.12,14226.97,4500.53,0,Good,Good
64,43758.19,29513.35,25463.49,8,Average,Bad
35,87566.92,39153.24,33204.31,8,Average,Bad
33,30586.6,16186.2,15813.25,7,Good,Good
29,45459.95,28531.45,34577.68,4,Average,Bad
42,75584.44,7490.16,23899.29,5,Good,Good
28,60121.1,3190.21,5772.62,1,Good,Good
45,58388.84,5815.33,8091.64,1,Good,Good
24,26700.48,11489.23,7528.99,6,Good,Bad
37,63489.46,36279.91,4853.92,0,Poor,Bad
23,78005.81,32585.55,61847.32,8,Poor,Bad
55,53500.7,13210.09,25780.74,6,Poor,Good
64,53215.49,28009.7,21109.95,8,Good,Bad
21,69168.42,41902.29,10942.34,7,Good,Good
24,45651.31,5710.01,10020.29,2,Good,Good
65,62344.65,32667.79,37677.38,6,Average,Good
26,21157.62,9714.0,33299.31,6,Average,Bad
24,58020.25,6951.95,29668.3,7,Poor,Bad
54,25154.62,15089.69,10171.71,4,Average,Bad
58,44852.33,17621.24,19826.38,2,Good,Good
42,88384.58,4981.05,52794.8,7,Average,Good
63,55286.47,25307.61,15739.22,3,Average,Good
44,68339.61,18753.89,12397.13,1,Poor,Good
28,51628.21,9953.58,6811.77,5,Good,Good
40,94742.62,48029.26,7919.92,2,Average,Good
26,25219.99,2154.61,3044.98,1,Average,Good
42,61535.98,26821.78,17581.63,4,Poor,Bad
64,92929.89,57921.72,5130.52,2,Poor,Bad
31,38770.21,26933.3,20874.25,3,Poor,Bad
22,85711.25,31223.7,41538.04,5,Good,Bad
65,41309.64,23568.05,9809.63,1,Average,Good
44,73903.87,12513.16,7456.16,2,Average,Good
39,75238.07,19579.79,15695.52,2,Average,Good
43,78993.17,30051.46,45224.64,8,Good,Good
46,76198.81,7417.91,2156.92,1,Good,Good
46,65475.2,15811.75,6976.82,4,Poor,Good
59,79285.39,5465.18,1397.74,0,Poor,Good
46,56792.16,19737.18,33483.49,6,Average,Bad
32,80358.44,14005.42,2130.21,0,Good,Good
28,74239.13,11829.06,10849.77,5,Good,Good
61,63872.28,40096.2,31227.31,5,Poor,Bad
30,85792.14,49938.37,5908.47,3,Good,Good
50,57837.22,4243.96,34935.05,6,Poor,Good
63,55198.62,31124.79,21346.34,7,Average,Bad
41,75724.04,17213.29,41898.13,5,Poor,Good
28,62467.92,11987.41,43733.44,6,Average,Good
45,27928.8,4210.42,6864.55,0,Good,Good
45,104587.79,7957.14,29436.89,7,Average,Good
57,54900.76,31940.97,26154.79,5,Good,Good
62,42018.93,16919.93,23856.9,8,Average,Bad
49,57906.92,38705.43,37384.72,5,Average,Bad
34,35013.74,5381.65,14868.31,2,Average,Good
24,24505.89,7861.82,28430.38,6,Poor,Bad
31,54020.7,31643.93,4131.61,0,Average,Bad
28,55577.51,26477.17,14437.45,4,Average,Bad
60,68542.94,20542.63,47485.64,6,Poor,Bad
32,50773.28,11586.8,36636.14,5,Good,Good
58,36964.37,9539.45,11119.61,2,Good,Good
60,57075.94,36087.14,23897.62,4,Average,Good
47,34695.73,4373.01,11295.1,6,Good,Good
65,19079.42,9649.3,31463.44,8,Average,Bad
49,51656.08,26226.52,6052.14,2,Good,Good
54,48535.24,4710.5,35164.52,5,Good,Good
43,63947.19,26707.05,13551.75,2,Good,Good
27,75448.82,51823.7,28769.0,5,Good,Bad
33,62456.66,42171.5,6814.23,0,Good,Good
37,81629.58,42349.09,6560.84,2,Poor,Good
37,47104.05,23067.18,5752.27,0,Average,Good
28,62068.62,24407.3,28774.47,7,Poor,Bad
41,87203.43,51828.76,2112.47,0,Poor,Bad
50,72074.49,9010.17,7867.75,5,Average,Good
24,63920.0,3248.69,8136.42,7,Average,Good
44,70117.1,3684.24,23825.18,4,Poor,Good
23,67690.81,42634.26,5978.01,0,Average,Good
64,41669.59,20148.4,37089.88,8,Average,Bad
24,67775.66,13127.91,9924.64,1,Average,Good
25,72204.08,20575.75,1676.78,0,Good,Good
64,48465.92,6575.59,12402.21,6,Good,Good
33,71586.5,18050.86,47120.2,6,Poor,Bad
23,77239.75,35196.12,20835.02,4,Good,Good
24,66961.15,43817.01,34042.3,7,Average,Bad
33,42695.42,23890.38,4609.37,1,Good,Good
47,77843.2,3973.18,13646.08,4,Poor,Bad
40,22746.76,9748.29,39221.53,6,Good,Bad
55,81131.15,9963.52,36019.96,6,Good,Good
31,35714.11,6382.18,5607.8,0,Average,Good
55,32627.61,8862.18,3880.76,0,Poor,Good
31,29662.11,4638.83,46238.64,6,Average,Bad
37,33128.86,17935.23,11840.48,5,Poor,Bad
25,51596.41,6153.3,4765.34,0,Good,Good
52,45805.39,27951.31,1649.74,0,Average,Good
38,108994.28,18407.01,9336.3,2,Average,Good
55,35541.0,22365.26,24293.9,5,Poor,Bad
61,32786.96,22781.97,41829.72,8,Average,Bad
44,55922.28,33863.11,5673.31,2,Average,Good
57,70515.34,32422.34,11639.31,5,Average,Good
53,37319.69,20800.96,13144.75,1,Average,Good
33,79982.81,26952.41,27754.62,6,Good,Good
60,67616.32,21631.81,28721.09,4,Poor,Good
43,88906.59,33445.17,10006.92,8,Good,Good
30,68951.73,26115.63,32205.8,8,Average,Bad
59,37281.68,12708.4,18528.97,5,Good,Good
55,43363.24,27138.86,31631.73,4,Average,Bad
23,47346.43,27037.31,6949.81,5,Average,Bad
59,58231.26,3582.04,7851.77,6,Good,Good
55,65774.58,32593.69,14538.79,4,Average,Bad
22,59123.82,29306.12,9741.59,8,Good,Good
34,72362.06,48089.77,4968.69,0,Average,Good
46,46592.1,30226.89,20697.76,4,Average,Bad
49,63713.5,13486.33,11128.16,1,Poor,Good
54,48792.67,2942.43,31998.91,7,Average,Good
35,86921.59,8051.23,20212.83,5,Average,Good
29,59597.44,22279.26,20182.49,4,Average,Bad
62,64032.21,36323.0,8025.94,1,Average,Good
52,40938.74,13485.18,14469.87,3,Average,Good
37,47692.74,10567.95,38594.84,7,Average,Good
57,67340.6,36008.83,5360.02,0,Good,Good
49,49388.47,17298.38,44809.86,6,Poor,Bad
26,48973.07,28316.14,27927.33,4,Poor,Bad
56,53045.54,16941.8,2019.94,0,Good,Good
26,62306.02,37666.06,40120.82,7,Poor,Bad
23,55697.06,35471.46,29423.17,8,Good,Bad
32,48955.01,32865.31,6852.7,0,Good,Good
21,59105.34,35340.12,15470.51,5,Good,Bad
45,59651.9,35303.38,13338.47,6,Average,Bad
46,46772.2,21369.73,12492.81,5,Good,Good
37,79256.42,22651.38,34465.12,6,Good,Good
41,36562.58,2078.9,3730.73,2,Poor,Good
21,68082.11,44486.09,7910.0,3,Good,Good
51,63056.43,7197.6,11171.89,1,Good,Good
52,38537.64,14043.08,6681.06,0,Good,Good
42,62672.24,38532.36,20009.41,2,Poor,Bad
62,29397.49,17708.98,18143.15,6,Good,Good
54,47434.09,22603.12,1035.57,0,Poor,Good
42,48309.85,17080.51,7671.61,5,Good,Good
23,53785.37,5474.01,51461.38,8,Poor,Bad
46,87331.41,25098.89,1881.45,0,Good,Good
59,98647.13,32964.11,19544.08,3,Average,Good
56,43986.17,19981.11,7211.39,5,Poor,Bad
23,65639.81,41495.43,9270.86,3,Average,Bad
30,69546.4,41141.88,26755.61,6,Average,Bad
47,37434.6,20379.18,17503.18,3,Average,Bad
45,78064.77,40687.77,47225.56,8,Average,Bad
54,45319.01,6700.6,18147.28,2,Average,Good
30,15000.0,4336.54,46280.84,7,Poor,Bad
22,53769.13,30611.66,12427.65,2,Good,Good
55,39040.13,4293.43,22953.15,5,Poor,Good
55,49860.91,9186.74,4132.76,0,Poor,Good
36,57466.58,5862.27,6700.11,1,Good,Good
31,52979.22,13146.52,8495.87,2,Good,Good
36,72642.1,33524.72,51860.72,7,Average,Bad
42,25618.41,9427.71,6768.29,0,Poor,Good
53,59040.42,11562.47,20253.82,2,Poor,Good
32,39010.03,16315.43,8245.08,4,Average,Good
40,60085.17,31084.7,7422.99,6,Average,Bad
45,40229.29,20342.24,8607.36,1,Good,Good
36,43790.9,5484.55,39058.92,6,Good,Good
27,90365.97,55954.19,42296.81,6,Good,Bad
50,28427.9,14865.4,10054.94,2,Good,Good
53,34365.66,5223.45,15174.94,4,Good,Good
27,15000.0,2430.4,33173.28,4,Average,Bad
65,54906.01,24548.6,30609.33,5,Good,Good
39,94128.37,15927.79,28129.28,8,Good,Good
63,80731.3,29199.5,6190.38,0,Poor,Good
38,43494.21,22961.17,5987.77,2,Poor,Bad
30,52381.02,26645.1,5761.52,2,Good,Good
36,40690.57,26259.97,8262.87,5,Poor,Bad
28,49912.46,17375.65,21584.81,7,Average,Bad
52,92645.84,63248.23,8682.57,1,Good,Good
40,54438.19,19807.64,6791.91,1,Good,Good
59,37371.33,17077.34,10557.67,2,Poor,Good
45,30428.03,20963.79,6937.12,0,Good,Good
53,31125.78,16506.11,5436.39,1,Good,Good
42,66954.63,38546.81,10756.23,3,Poor,Bad
32,47326.19,13120.26,4985.8,1,Poor,Bad
60,76244.69,15339.86,12555.58,7,Average,Good
50,27029.61,2769.47,9132.89,4,Average,Good
62,72306.34,31539.21,35719.11,5,Poor,Bad
43,74661.65,18165.6,29346.97,5,Poor,Bad
21,36510.06,17780.85,54784.56,7,Poor,Bad
32,53306.95,19425.8,3144.82,0,Average,Good
47,44200.25,14962.07,9113.38,3,Good,Good
23,41076.95,26073.2,23569.38,5,Poor,Bad
56,34675.02,3773.43,34567.53,7,Average,Bad
49,48463.27,24539.55,8151.01,1,Good,Good
39,61965.79,40658.76,9731.11,4,Good,Good
50,38320.31,15597.31,14561.56,2,Good,Good
61,41229.93,19905.4,2063.77,1,Average,Good
38,56727.11,29205.32,47968.79,7,Poor,Bad
57,50083.0,19064.08,16674.98,2,Good,Good
54,29864.77,10598.29,3198.51,2,Good,Good
53,32449.91,8894.53,20846.8,4,Good,Good
65,55648.03,37575.07,25657.8,5,Average,Bad
53,54100.91,15237.73,28385.68,5,Average,Good
33,58632.18,23670.93,8802.21,5,Good,Good
33,50514.9,20977.13,5887.89,3,Average,Good
60,60572.38,25135.15,22625.37,4,Average,Good
45,69891.68,18422.95,45505.88,6,Good,Good
55,74588.22,5969.12,16325.37,5,Poor,Bad
63,68888.13,44269.1,14066.38,8,Average,Bad
26,62717.69,15915.26,5743.62,0,Poor,Good
57,50611.52,20805.96,19459.93,2,Good,Good
21,74956.25,44948.82,6989.33,0,Poor,Bad
58,59588.06,37171.51,10613.36,3,Poor,Bad
41,16331.18,8139.22,7460.03,3,Poor,Bad
45,49358.0,32411.63,28955.91,5,Good,Good
43,58612.91,9491.09,40311.05,8,Average,Bad
58,75553.55,39989.92,8292.56,6,Good,Good
26,93956.34,6934.85,27748.16,5,Average,Good
49,60634.7,16154.41,61089.63,8,Average,Bad
41,58478.32,7110.52,16400.36,6,Average,Good
50,66587.98,,20008.63,6,Good,Good
56,17451.14,7178.4,42134.22,7,Average,Bad
57,78005.92,7505.88,12291.07,3,Good,Good
42,27360.09,1724.5,4024.42,1,Good,Good
38,97188.89,10339.6,5951.66,1,Good,Good
63,42946.28,22883.51,6864.21,0,Good,Good
64,60655.77,7475.08,20901.46,2,Average,Good
28,65566.06,36344.38,16726.28,2,Average,Bad
62,65728.33,32747.76,25985.75,5,Average,Good
32,81893.52,28086.11,47567.63,8,Average,Bad
25,20143.51,,23257.49,4,Average,Bad
48,42053.69,22103.07,5665.49,3,Good,Good
46,24511.69,6048.05,3339.13,1,Average,Good
49,57663.02,13225.21,1792.4,0,Good,Good
35,81224.2,7003.41,49320.23,8,Good,Good
44,43854.38,17064.29,8327.61,4,Good,Good
41,89437.02,40250.54,34707.17,8,Good,Bad
28,20025.08,2428.31,28372.03,4,Poor,Bad
46,60463.98,31694.37,32535.42,4,Good,Good
32,54818.27,31383.95,16482.05,6,Good,Good
46,22174.94,5787.56,22725.6,8,Average,Bad
31,58794.23,30815.23,60479.51,8,Good,Bad
21,63085.14,3782.07,10719.25,1,Good,Good
26,15101.09,5668.61,3027.67,0,Good,Good
49,47476.47,28877.42,15155.8,4,Average,Good
57,54754.43,3775.89,32529.66,8,Average,Good
35,89549.65,60102.65,61497.0,8,Good,Bad
61,46234.82,14788.5,26849.56,7,Poor,Bad
24,35153.14,,26962.48,6,Average,Good
30,54929.84,21654.56,20477.78,3,Poor,Bad
60,57519.68,37507.55,13937.27,6,Average,Good
52,41515.59,13592.77,33687.38,4,Poor,Bad
30,50821.43,35448.27,8742.08,4,Average,Bad
51,88797.87,4565.96,21459.65,8,Poor,Good
29,72887.36,4070.7,5232.94,0,Poor,Good
62,98838.15,59881.83,22083.71,5,Good,Good
53,79956.22,29236.79,25958.32,3,Average,Good
34,34260.98,21478.29,50005.81,7,Good,Bad
51,54012.46,34308.87,13943.27,2,Average,Good
52,24239.29,10322.11,9330.32,1,Poor,Good
37,27429.41,7786.2,9974.74,5,Average,Good
61,66313.74,35422.31,16775.98,2,Average,Good
54,84597.72,28351.58,31819.89,5,Good,Good
23,65933.83,3505.34,33398.85,6,Good,Good
54,60995.49,10763.03,9101.51,6,Good,Good
54,68441.21,33353.92,6417.26,0,Average,Good
60,81235.68,5716.78,4016.7,2,Good,Good
53,54635.0,35316.29,14906.14,3,Poor,Bad
33,74080.28,17796.78,24837.0,4,Poor,Bad
25,87122.39,15722.4,26416.63,5,Poor,Bad
47,,32422.75,18057.94,2,Good,Good
28,64863.44,19379.51,10239.04,1,Good,Good
48,34531.61,10859.64,13729.08,1,Good,Good
64,48092.14,26085.49,6059.07,0,Poor,Bad
56,54252.86,31585.22,2950.24,1,Average,Good
60,46875.96,19633.44,3464.85,0,Average,Good
42,61028.41,38949.87,23358.34,8,Average,Bad
52,67328.73,30601.3,9676.42,4,Good,Good
22,39822.96,3188.63,35052.83,6,Average,Bad
54,40824.3,2185.67,15902.11,7,Average,Good
53,63319.53,31004.6,16035.21,5,Good,Good
41,57679.2,34918.75,12835.58,2,Poor,Bad
27,68127.15,11517.59,15954.5,2,Average,Good
65,54219.92,13934.18,15839.39,6,Good,Good
22,79214.79,51058.01,20902.68,6,Average,Good
61,71258.28,43724.22,7223.26,4,Poor,Bad
63,52866.97,17682.42,11655.7,1,Average,Good
62,55096.27,33827.29,4998.51,1,Good,Good
44,15000.0,4727.39,18446.29,5,Average,Bad
31,53314.81,9343.38,35948.25,6,Average,Bad
49,54464.11,7134.79,33787.83,4,Good,Good
32,66174.82,4547.58,1790.46,0,Good,Good
52,66583.56,24661.39,43603.3,6,Average,Bad
65,81916.07,14204.59,12961.09,3,Poor,Good
23,58155.02,31346.99,20769.86,2,Average,Bad
42,42935.84,21220.28,2680.64,1,Good,Good
50,46613.69,28255.75,40979.37,6,Average,Bad
40,50654.33,17644.44,16819.63,4,Good,Bad
43,35234.62,16790.42,8407.14,1,Poor,Bad
28,18229.86,10085.91,33162.8,4,Good,Bad
31,33365.05,8755.07,16575.81,7,Average,Bad
58,97731.18,24562.45,8385.74,4,Good,Good
40,34659.27,15334.43,11922.84,1,Good,Good
42,57836.7,13393.28,15353.45,6,Poor,Good
37,39137.49,13155.84,17055.19,4,Good,Bad
47,27377.8,6973.64,4409.95,1,Poor,Good
36,75053.02,44847.28,9215.8,1,Good,Good
55,43820.11,3338.34,30071.65,4,Poor,Bad
56,74781.48,48188.22,19706.66,4,Good,Good
61,69353.81,32984.74,8560.15,1,Poor,Good
49,66782.79,26222.03,62924.3,8,Average,Bad
36,33896.43,12241.9,46220.13,8,Good,Bad
32,50690.04,7164.01,8214.4,3,Good,Good
45,38550.58,17969.43,10494.29,2,Average,Good
42,61801.19,35420.82,46164.6,8,Average,Bad
53,67659.35,37230.74,5935.11,0,Average,Good
26,69938.47,13322.01,52383.81,7,Average,Bad
53,62285.47,6309.79,34466.86,8,Poor,Bad
61,47228.52,,7854.48,3,Good,Good
64,65603.83,29335.75,11937.9,2,Average,Good
57,78600.91,52136.73,17146.57,6,Good,Good
55,66847.04,34102.79,11447.1,7,Good,Good
57,67314.01,33486.08,12167.14,4,Good,Good
43,90314.19,40129.3,9913.35,1,Average,Good
37,39452.2,26402.89,3788.35,0,Average,Good
58,53031.22,10483.48,39945.14,6,Average,Good
23,57975.02,37554.05,34405.56,8,Good,Bad
58,43837.81,17624.47,8496.59,7,Good,Good
60,56390.96,39356.66,26776.4,5,Good,Bad
43,39659.65,25482.69,12632.17,2,Good,Good
29,62485.56,33027.68,12637.18,3,Average,Bad
40,40429.1,5502.6,19410.99,5,Good,Good
57,61112.29,38109.97,20401.15,6,Good,Bad
54,44938.39,16050.84,25928.94,7,Good,Good
54,61314.72,24841.89,37124.75,8,Good,Good
37,74155.79,51823.93,7794.22,3,Poor,Bad
24,72209.12,40486.57,7586.46,2,Poor,Bad
31,60142.61,,28815.64,5,Average,Bad
63,47071.28,3361.65,43213.85,7,Average,Good
30,40834.65,2876.39,12038.85,8,Average,Good
40,52159.85,35642.24,2158.95,0,Good,Good
56,33442.52,8157.28,28339.53,4,Poor,Bad
27,40172.13,17893.77,11206.02,1,Average,Good
51,62944.89,33005.21,10371.76,1,Good,Good
39,59820.97,30913.45,22100.57,7,Good,Good
34,92647.24,43131.19,21595.59,8,Good,Good
52,82441.23,43469.35,53739.7,7,Average,Bad
39,44957.94,5243.11,57778.26,8,Poor,Bad
33,48664.93,8924.81,48879.54,6,Good,Bad
31,22541.78,6443.86,22199.26,3,Poor,Bad
61,48851.53,21037.56,15569.07,4,Poor,Bad
37,55877.5,19342.37,22978.55,3,Good,Good
35,59269.06,29043.91,18138.92,4,Average,Good
50,101007.91,47624.79,5585.68,4,Average,Good
55,27851.94,8428.28,6976.53,0,Good,Good
35,58693.06,18587.52,24393.25,7,Average,Good
37,55546.46,26999.03,11785.85,1,Good,Good
39,47903.85,19503.03,47960.42,8,Average,Bad
61,53478.06,5148.18,32058.48,6,Good,Good
25,,23511.26,11603.33,5,Good,Good
41,56819.38,4607.78,14087.79,5,Average,Good
63,38061.75,3637.41,13194.88,7,Average,Good
63,28242.53,3336.66,22413.92,6,Good,Good
31,37556.93,25260.4,21573.65,5,Average,Bad
64,62501.44,33710.21,32887.49,4,Good,Good
37,36312.97,4510.78,5487.54,0,Good,Good
56,69642.81,48416.14,8250.49,1,Average,Good
52,57261.92,36222.92,6318.13,3,Good,Good
46,49080.46,27862.67,9201.04,6,Good,Bad
30,64201.41,23361.03,4932.72,0,Average,Good
43,59674.94,6779.49,19282.89,2,Poor,Bad
64,49725.09,27441.2,4342.65,3,Average,Good
35,53659.86,29945.58,13737.29,2,Average,Bad
26,67725.86,32082.71,8988.29,1,Poor,Bad
26,67769.02,24533.2,56556.1,8,Good,Bad
47,71657.99,15893.37,8456.81,1,Poor,Good
53,65205.58,37189.9,24866.19,7,Good,Good
26,55580.94,16629.93,13819.4,1,Good,Good
36,54633.93,34967.79,23552.94,5,Good,Bad
45,,32303.56,15930.14,3,Poor,Bad
28,35132.44,4386.33,36199.96,5,Poor,Bad
35,37689.74,11961.39,10677.82,2,Good,Good
23,82476.16,42728.1,3023.32,0,Poor,Good
40,50202.02,21340.46,27877.53,5,Average,Bad
26,58032.38,20449.66,3505.83,0,Poor,Good
22,79169.01,53314.23,29967.14,4,Good,Good
57,44733.78,19868.55,41816.33,8,Poor,Bad
22,50216.67,19722.99,35911.7,6,Poor,Bad
47,71868.29,33277.04,9280.48,7,Average,Good
61,47453.57,7624.29,12095.95,5,Good,Good
33,80413.99,45994.72,1146.88,0,Poor,Good
60,66839.69,30730.98,40230.28,6,Poor,Bad
39,48653.09,4408.55,43469.4,7,Average,Bad
49,52696.54,6937.51,44541.22,7,Average,Bad
31,63711.12,27297.31,6708.59,1,Average,Bad
52,95665.88,62320.33,15304.38,7,Good,Good
38,85377.73,44529.67,3922.36,1,Average,Good
51,78396.02,15962.9,16556.01,7,Good,Good
50,56631.26,28576.14,18777.43,3,Good,Good
46,71849.0,26997.68,17673.03,5,Good,Good
56,58698.85,26890.62,24271.71,7,Average,Good
56,41020.99,27147.26,15320.43,8,Poor,Bad
28,73032.22,30221.93,27375.54,6,Good,Good
30,69727.79,45327.22,32687.9,4,Average,Bad
22,15617.05,5949.36,48321.9,8,Average,Bad
47,79771.0,11533.79,3247.9,0,Good,Good
30,77278.97,31607.79,23337.03,7,Average,Bad
59,64021.91,9965.96,11459.61,2,Good,Good
35,93872.06,50309.62,7768.68,1,Poor,Good
49,73745.16,44152.76,31631.3,6,Good,Good
43,47963.52,24078.5,14679.68,7,Good,Good
35,72470.33,16532.44,48115.05,6,Average,Bad
34,67684.82,8826.04,9519.9,1,Good,Good
22,76861.37,44561.14,21350.64,3,Good,Good
57,64113.79,44612.03,6391.03,1,Good,Good
57,15000.0,9406.76,8142.45,5,Average,Bad
62,21774.41,2646.63,25374.75,4,Good,Good
25,44937.09,4487.88,8522.48,1,Average,Good
23,87810.67,57438.27,31300.53,4,Average,Bad
27,71238.81,42222.15,18278.24,2,Good,Good
32,75999.69,30252.12,27782.86,4,Poor,Bad
33,68023.23,41358.51,20043.42,4,Average,Bad
38,72510.16,48295.41,36012.5,8,Poor,Bad
48,42003.57,16724.94,25939.76,3,Average,Bad
32,51827.67,24631.07,11771.61,1,Poor,Bad
57,38932.72,24516.62,29090.18,4,Average,Bad
51,51384.31,30964.79,48250.63,8,Average,Bad
38,64233.94,35361.67,8881.91,3,Good,Good
39,42432.32,25075.61,7270.53,1,Average,Good
44,,3846.6,9792.98,2,Good,Good
34,20032.37,1909.06,2174.25,0,Average,Good
24,76743.9,16796.66,14704.63,4,Poor,Bad
63,52536.44,30265.73,19961.78,7,Good,Good
32,64505.71,27681.3,20434.56,3,Average,Good
64,68613.16,19430.65,11510.86,2,Average,Good
54,15000.0,4539.58,37229.17,5,Good,Bad
31,21871.34,4915.74,20854.07,2,Poor,Bad
63,58123.76,20727.18,40341.42,6,Good,Good
40,15000.0,10089.64,4625.53,1,Poor,Bad
61,74237.09,41443.31,3857.79,1,,Good
53,39012.12,16086.13,35529.97,5,Good,Bad
36,57623.8,13227.85,13764.97,1,Average,Good
23,33696.31,14912.24,10683.17,3,Poor,Bad
37,63592.5,3510.64,29176.27,8,Average,Good
53,78890.64,7999.46,13688.42,5,Good,Good
23,95700.65,22869.54,35274.58,6,Average,Good
43,65397.3,21713.68,16691.9,2,Good,Good
42,57384.87,15779.15,33542.37,7,Poor,Bad
41,72290.6,6161.88,45233.75,8,Average,Good
44,43572.52,5110.33,14544.57,4,Poor,Good
53,45220.37,2722.37,12423.75,2,Poor,Good
40,58696.27,33178.08,8069.85,6,Average,Good
42,76212.86,38307.3,41265.92,6,Good,Bad
38,24902.48,2064.12,19200.12,6,Average,Good
36,61421.05,35777.9,37888.34,6,Good,Bad
55,45228.05,25385.57,33182.4,6,Poor,Bad
22,50634.98,3343.7,17668.87,5,Good,Good
65,70281.92,36374.08,5302.83,1,Good,Good
39,53641.71,7962.98,10448.82,3,Good,Good
29,57337.39,39461.49,21829.57,3,Average,Bad
59,86249.19,53655.67,21834.53,4,Poor,Bad
45,31036.32,11453.23,5194.95,1,Good,Good
28,57078.78,5567.61,4773.67,2,Average,Good
38,28955.22,5659.47,15834.3,2,Poor,Good
46,65921.47,34292.78,30296.59,7,Average,Bad
45,44305.69,12879.24,11176.1,2,Average,Good
36,38203.5,9205.76,5981.16,0,Good,Good
51,61973.81,4967.94,2021.61,0,Poor,Good
53,41675.23,16124.45,8726.4,3,Average,Good
60,103147.55,16929.28,4560.36,1,Poor,Good
49,19345.91,6898.39,4575.69,0,Poor,Good
50,63402.36,18536.93,52360.18,8,Average,Bad
33,64683.18,44127.34,19790.55,4,Good,Good
51,43854.39,12549.36,34998.72,6,Good,Good
52,52687.56,36744.09,11751.71,6,Good,Good
64,99243.83,20401.16,41372.84,5,Average,Good
37,56953.52,13463.73,28609.06,4,Good,Good
54,45050.03,13692.99,7769.49,5,Poor,Good
54,72277.6,9944.37,14026.66,6,Good,Good
38,58092.17,18776.36,16261.32,4,Good,Good
49,38324.0,10054.22,13844.56,5,Poor,Good
35,45506.04,25136.28,13545.5,3,Good,Good
27,33371.61,3039.12,12737.75,2,Good,Good
64,54388.6,4245.61,37457.59,5,Poor,Bad
53,60596.85,16644.56,7672.99,2,Poor,Good
43,32807.09,16532.14,42128.14,6,Good,Bad
57,34922.18,23713.24,39406.0,6,Good,Bad
25,52714.24,21810.57,1698.09,0,Good,Good
61,81541.56,32805.6,5110.58,1,Good,Good
60,46199.85,12572.68,13876.84,1,Good,Good
41,71589.48,43280.44,11669.51,1,Poor,Bad
42,23782.18,16321.66,4125.46,1,Good,Good
42,47845.66,3575.6,47686.74,7,Good,Bad
32,34860.41,15721.18,3208.51,0,Poor,Good
64,63503.58,37506.55,48272.56,6,Average,Bad
42,53327.98,21722.99,21983.58,5,Average,Bad
50,79463.8,49790.25,22048.03,5,Good,Good
40,53483.53,22888.01,10656.32,3,Poor,Bad
64,59530.17,30322.71,2238.67,0,Average,Good
61,38980.38,21045.21,10553.29,5,Good,Good
27,82336.73,4378.25,6274.54,1,Average,Good
29,73851.37,48094.6,2575.43,0,Average,Bad
50,87580.19,38982.89,13584.93,1,Poor,Good
34,62573.32,31833.76,29192.1,8,Average,Bad
56,52436.29,10548.57,4697.3,0,Good,Good
34,49185.79,20902.69,6739.43,0,Average,Good
41,60534.18,31272.92,10918.51,6,Average,Good
29,55409.86,7867.58,34712.48,6,Average,Bad
26,71994.34,39863.52,20363.87,6,Average,Bad
30,48825.58,24076.93,14282.97,4,Good,Bad
35,95038.92,48915.01,8242.32,4,Average,Good
29,38729.12,6864.15,15072.66,2,Good,Good
51,48201.71,27427.48,45050.89,6,Good,Bad
31,61965.44,10383.45,7093.66,5,Average,Good
24,27222.17,11298.01,10332.26,5,Average,Bad
58,49754.08,19319.33,4456.49,0,Good,Good
27,56721.46,10781.81,5936.84,1,Average,Good
28,38551.37,18629.63,4876.49,3,Average,Good
22,61141.29,33550.15,45009.84,7,Good,Bad
61,59791.78,28970.8,36904.1,7,Good,Good
38,34535.44,17867.35,22623.44,3,Average,Bad
64,76023.88,30489.5,17075.15,2,Average,Good
51,,14006.88,33149.54,8,Average,Bad
58,68884.67,15758.48,11784.26,1,Average,Good
40,41145.37,8537.28,52657.6,7,Average,Bad
30,40436.86,4453.55,7828.48,6,Poor,Bad
58,64507.32,19141.88,53857.24,8,Good,Good
28,71178.58,38838.39,41485.29,6,Good,Good
25,35599.92,11056.39,17497.77,4,Average,Bad
52,62262.39,38817.66,6872.17,2,Good,Good
52,67380.74,24985.01,32650.91,5,Good,Good
23,56707.07,34828.25,16478.87,7,Average,Bad
24,56132.57,30398.7,24728.44,7,Poor,Bad
55,25675.84,2218.43,14751.4,3,Average,Good
38,60467.33,20605.93,20910.75,6,Average,Bad
58,78933.82,53353.16,43503.11,6,Good,Bad
44,70363.59,23485.83,27254.98,4,Good,Good
22,54246.8,33175.75,43635.24,8,Good,Bad
25,21255.01,8318.15,10957.14,3,Average,Good
40,40017.13,7020.59,9246.56,4,Average,Good
37,26208.72,17400.01,22067.42,3,Good,Bad
29,88775.88,39202.25,45651.44,6,Average,Bad
30,15000.0,1430.54,13529.87,2,Good,Good
35,63261.13,35503.96,44277.64,8,Average,Bad
35,60853.03,5861.24,5113.03,4,Average,Good
55,48000.44,20742.74,8678.84,4,Good,Good
22,47153.7,15056.77,3553.38,0,Good,Good
52,65849.28,42697.22,26966.43,5,Good,Good
42,46749.51,8182.34,5000.99,1,Average,Good
49,87562.99,10394.2,37530.95,7,Poor,Good
47,63767.65,36628.51,47058.96,8,Average,Bad
27,86219.0,9578.42,10046.97,6,Good,Good
32,61991.9,5514.26,7000.34,1,Average,Good
46,26625.83,5245.25,9730.38,3,Average,Good
57,22044.04,6859.64,6235.44,0,Poor,Good
45,69453.92,11473.08,3740.39,1,Average,Good
59,71415.19,46022.95,41933.84,6,Good,Bad
46,50640.96,26741.51,3520.43,0,Good,Good
